sim_id,replica,init_id,grupo_ic,lambda_cc,gamma,area_mean,area_std,area_cv,area_q10,area_q50,area_q90,area_skew,perimeter_mean,perimeter_std,perimeter_cv,perimeter_q10,perimeter_q50,perimeter_q90,perimeter_skew,shape_mean,shape_std,shape_q10,shape_q50,shape_q90,elongation_mean,elongation_std,elongation_q10,elongation_q50,elongation_q90,neighbors_mean,neighbors_std,center_x_std,center_y_std,xy_corr,frac_neighbors_4,frac_neighbors_5,frac_neighbors_6,frac_neighbors_7,frac_neighbors_8
sim__lam_m0p05__gam_0p07__rep_000__20260601_173116_321769,0,hexagonal_perfect_14x14.dat,I_perfect,-0.05,0.07,0.633379857142857,0.27453236423119104,0.4334403141097012,0.38877649999999997,0.52732,1.08792,1.0382787709035943,2.9448568123918717,0.5665744658916694,0.19239457195587512,2.408910926271814,2.7455612625412336,3.8536634602776156,0.826017940463743,3.792959139860751,0.08456415362703186,3.6961513236313226,3.778997596636448,3.8949907498910266,1.2735415896035265,0.16411753638727836,1.1135441900201537,1.2340570039535699,1.5211481889174165,6.0,0.9948848769417228,3.1783069196423472,3.1735357986153123,-0.02651196550619245,0.030612244897959183,0.29591836734693877,0.40816326530612246,0.18877551020408162,0.061224489795918366
sim__lam_m0p05__gam_0p07__rep_001__20260601_173131_819150,1,hexagonal_perfect_14x14.dat,I_perfect,-0.05,0.07,0.6327934693877552,0.29252292084382747,0.4622723447610625,0.3884215,0.5118255,1.17923,1.345553799501414,2.937027587143205,0.586573949575108,0.19971686753731122,2.4053982366095275,2.7038865598683453,4.031152389259502,1.1536240500503436,3.7889897728893667,0.08070923622953019,3.695648756276448,3.7762203038240196,3.878332670591231,1.2842010719075507,0.156627269193085,1.1095585518057929,1.2690747586026898,1.4765045080773693,6.005102040816326,0.9175024271757465,3.147072548433069,3.099512840854588,-0.04360870699226823,0.015306122448979591,0.29591836734693877,0.42857142857142855,0.19387755102040816,0.061224489795918366
sim__lam_m0p05__gam_0p07__rep_002__20260601_173147_206700,2,hexagonal_perfect_14x14.dat,I_perfect,-0.05,0.07,0.6287604285714286,0.2526502404424798,0.4018227435465532,0.3860625,0.5413245,1.023865,1.3022249637279903,2.9494724436308375,0.5236924712516418,0.17755462417773674,2.414700873423298,2.7826318246757404,3.7513469972241946,1.045353473197077,3.795156109139455,0.07686799451144707,3.7079875371188864,3.7815558830728966,3.8887011631510573,1.2907688772071084,0.17422470115422464,1.1028491805852307,1.2556894432983723,1.5291865804323188,5.994897959183674,0.836034425736311,3.091766995372852,3.2082341273771235,-0.013937443394223616,0.02040816326530612,0.2653061224489796,0.4387755102040816,0.25,0.025510204081632654
sim__lam_m0p05__gam_0p07__rep_003__20260601_173203_186297,3,hexagonal_perfect_14x14.dat,I_perfect,-0.05,0.07,0.6409118571428573,0.2817304945092355,0.43957759771325167,0.38731099999999996,0.521388,1.152135,1.258003898032832,2.9613837670586043,0.570025136203335,0.19248607443044105,2.399031814772307,2.7398705730697515,3.975390255420326,1.001176794433088,3.7887774535998093,0.0838874724390769,3.703180504097018,3.7674560449349688,3.894937879070103,1.2848953720939071,0.17417723821796385,1.0847752167195504,1.249636037800777,1.4983127423059244,6.020408163265306,0.8265935980032096,3.1546182692989744,3.1119354714937475,-0.01329143299319692,0.01020408163265306,0.25,0.49489795918367346,0.20408163265306123,0.03571428571428571
sim__lam_m0p05__gam_0p07__rep_004__20260601_173219_821133,4,hexagonal_perfect_14x14.dat,I_perfect,-0.05,0.07,0.6359680459183673,0.27526720710713837,0.43283182051891766,0.3989575,0.5139325,1.10379,1.2141983926088462,2.9513759225935585,0.5618963293228324,0.19038453387831009,2.4394912757337552,2.714107658788057,3.8599287512421374,0.9988770941215419,3.7874982393455032,0.07420577389167358,3.6944125240365375,3.779441574323811,3.8818697691657174,1.289629098006216,0.19263224377903906,1.0950359359100208,1.2528455295834882,1.5188153239265856,6.0,0.8390957231764807,3.124745216013129,3.1602990733625673,-0.0016721483113468854,0.0,0.30612244897959184,0.42857142857142855,0.22959183673469388,0.030612244897959183
sim__lam_m0p05__gam_0p07__rep_005__20260601_173236_924024,5,hexagonal_perfect_14x14.dat,I_perfect,-0.05,0.07,0.6541460765306122,0.27934012677386694,0.42703019523555547,0.3982025,0.539113,1.13497,1.1699958699754571,3.000472456999772,0.5758046914141852,0.19190467490234892,2.4287806793930318,2.7824558094291874,3.988274537780395,0.9634789391651621,3.7931671667303872,0.06725928269910132,3.714433540088396,3.783688511179943,3.8733270488036835,1.3064712376762893,0.18210489291056897,1.1009069354843928,1.2814796442387149,1.5610801403798202,6.010204081632653,0.8080576100797705,3.2026597815691242,3.082512132643743,-0.04310494598663605,0.00510204081632653,0.2653061224489796,0.4846938775510204,0.20408163265306123,0.04081632653061224
sim__lam_m0p05__gam_0p07__rep_006__20260601_173253_178150,6,hexagonal_perfect_14x14.dat,I_perfect,-0.05,0.07,0.6341617908163266,0.2700988918426257,0.42591479927309117,0.396502,0.5315235,1.089235,1.1956355032677006,2.950110928580729,0.5449096202963042,0.18470817995927713,2.4415007654060195,2.744524369148164,3.8960797416072293,0.9530462951770807,3.793152589552521,0.08854075501219955,3.6927582662368548,3.7703804689595026,3.897607180629091,1.2792250587778908,0.17715133316984413,1.0869745881533786,1.2406487652097284,1.5196264883300086,6.035714285714286,1.0564428184106458,3.1419908802276764,3.106836379637977,0.000962305491979371,0.03571428571428571,0.27040816326530615,0.4387755102040816,0.15816326530612246,0.08163265306122448
sim__lam_m0p05__gam_0p07__rep_007__20260601_173310_253572,7,hexagonal_perfect_14x14.dat,I_perfect,-0.05,0.07,0.6581093520408163,0.2925464347202058,0.4445255698199186,0.3840195,0.529116,1.1658499999999998,1.0573908313621538,3.0025709262293274,0.5935541041330769,0.19768195946607434,2.4058212116123356,2.7692852301150914,4.010485714249553,0.8383725084423084,3.796497656752263,0.08453396912338898,3.7008019169414617,3.7785170074838152,3.9101527639133344,1.2921218262185155,0.18667586476898726,1.1019289818454108,1.2561319050414275,1.5101982358367154,6.010204081632653,0.958260519721443,3.2289386662285597,3.177672708433248,-0.013781372403955772,0.02040816326530612,0.29081632653061223,0.42346938775510207,0.20918367346938777,0.04081632653061224
sim__lam_m0p05__gam_0p07__rep_008__20260601_173327_293189,8,hexagonal_perfect_14x14.dat,I_perfect,-0.05,0.07,0.650272331632653,0.30171013392237317,0.463975044370101,0.383748,0.531987,1.20946,1.1213407619085953,2.9738948758381683,0.6113399015677097,0.20556876658096493,2.4069872484473036,2.737353937888215,4.042316571487989,0.9277232626315702,3.7888157302667995,0.07800859121472008,3.6925414315385194,3.7774045633126336,3.8900013249985435,1.2597227589699629,0.1694722369078729,1.0731241539664682,1.2163254888891828,1.4768767257219608,5.979591836734694,0.9473872970151151,3.209290785617512,3.2330644529524326,0.03874459683810359,0.015306122448979591,0.33163265306122447,0.3877551020408163,0.19387755102040816,0.0663265306122449
sim__lam_m0p05__gam_0p07__rep_009__20260601_173343_509696,9,hexagonal_perfect_14x14.dat,I_perfect,-0.05,0.07,0.6246417704081633,0.2538061317998391,0.406322701784075,0.3844365,0.5252715,1.0339049999999999,1.1416788713160233,2.9315078790329205,0.5366889923300272,0.1830760872820486,2.3837209302705813,2.724275493195437,3.7759013079330606,0.8852330969157982,3.786698246813546,0.07376327781746111,3.7090175724225585,3.764790363882065,3.874984048477521,1.2670058575545329,0.166505236055291,1.0799092814366782,1.2412058334730132,1.4726612036379652,5.98469387755102,0.8048135848064732,3.0040231269358357,3.1710364480611295,-0.048631540810308224,0.015306122448979591,0.24489795918367346,0.5204081632653061,0.17857142857142858,0.04081632653061224
sim__lam_m0p05__gam_0p07__rep_010__20260601_173400_545392,10,hexagonal_perfect_14x14.dat,I_perfect,-0.05,0.07,0.6438065918367347,0.28022932797105465,0.4352694295520413,0.401118,0.5212475000000001,1.097035,1.2609336370067945,2.968729614087842,0.5689905729678524,0.19166129857955624,2.4353314809704107,2.7380312779824925,3.9094283744435163,1.0462344610769094,3.787072446116402,0.07634322852199106,3.7023356655823165,3.7671948928907817,3.8852986010976673,1.2705454063392099,0.16966820086058637,1.095992651007188,1.236700978226951,1.4921503127339992,5.974489795918367,0.8946338008654594,3.1219858976407515,3.146788757991043,0.009004745801621559,0.015306122448979591,0.3010204081632653,0.44387755102040816,0.17346938775510204,0.0663265306122449
sim__lam_m0p05__gam_0p07__rep_011__20260601_173416_922619,11,hexagonal_perfect_14x14.dat,I_perfect,-0.05,0.07,0.6626095918367346,0.2960914190242649,0.446856524070322,0.398117,0.5365715,1.1962700000000002,1.064083573232869,3.0058264626091753,0.6067543656745292,0.20185941311716338,2.4381542990345606,2.7737056452218223,4.033519892047151,0.8372959105063446,3.785109064902119,0.07095926281009231,3.706530234388413,3.7727099746072437,3.865556159564059,1.2701001981157323,0.16715100667005628,1.0908213520713146,1.245572996493352,1.4993923276510528,6.020408163265306,0.8265935980032096,3.1849804589720527,3.202734529616212,0.01262400087827888,0.00510204081632653,0.25,0.5204081632653061,0.17857142857142858,0.03571428571428571
sim__lam_m0p05__gam_0p07__rep_012__20260601_173433_252504,12,hexagonal_perfect_14x14.dat,I_perfect,-0.05,0.07,0.6263425153061224,0.26262989587215924,0.41930715136490554,0.3926345,0.5286375,1.107065,1.3674767846501321,2.9353924027111944,0.5338843051156423,0.18187834261012356,2.4347118301327173,2.74198361065302,3.868454974040335,1.146604972299294,3.7893335873994105,0.07354005609702843,3.697297196652933,3.7795968889891594,3.8781662247981776,1.2958329275162623,0.1761093561385572,1.109965220146619,1.268117968310421,1.4848757910492965,6.0,0.8451542547285166,3.0557367926286223,3.114216517013434,0.00999384827028767,0.00510204081632653,0.29081632653061223,0.4489795918367347,0.21428571428571427,0.03571428571428571
sim__lam_m0p05__gam_0p07__rep_013__20260601_173451_865403,13,hexagonal_perfect_14x14.dat,I_perfect,-0.05,0.07,0.6463627295918367,0.29379577996608625,0.4545370061036116,0.3728745,0.5307299999999999,1.14751,0.9839707654452448,2.9700028769393807,0.6055914811445966,0.203902658090507,2.35061583500534,2.759075593457834,3.977724522223549,0.7977449164259302,3.7951058298944833,0.08758058780330237,3.6931327048906253,3.771912795994477,3.9093448285398864,1.2860487429326322,0.18928255543157738,1.0836707982722944,1.2386910160094962,1.5601539060453735,6.010204081632653,0.9312587263986012,3.1620042584819776,3.212466438718121,0.01597849656339071,0.025510204081632654,0.28061224489795916,0.41836734693877553,0.21428571428571427,0.05612244897959184
sim__lam_m0p05__gam_0p07__rep_014__20260601_173508_796146,14,hexagonal_perfect_14x14.dat,I_perfect,-0.05,0.07,0.6472581326530613,0.2793919994616458,0.4316546758802517,0.3987485,0.5267505,1.146235,1.1046992209995359,2.976597477153507,0.5716905727972396,0.19206176756682264,2.426047186437829,2.7410402223090173,3.9822412264409603,0.9115583993419326,3.7868508899359674,0.07068300081242872,3.6955924637030777,3.7709028034275516,3.8658740437788346,1.2804800328368418,0.17311068095113205,1.0952354220870837,1.2412829769772722,1.5186167156844963,6.010204081632653,0.8863465250297539,3.172342380854531,3.1537711441274547,0.01631073869218454,0.01020408163265306,0.29081632653061223,0.4387755102040816,0.20408163265306123,0.05102040816326531
sim__lam_m0p05__gam_0p07__rep_015__20260601_173525_757423,15,hexagonal_perfect_14x14.dat,I_perfect,-0.05,0.07,0.6323271683673469,0.27705092418536803,0.4381449003690107,0.39082249999999996,0.524767,1.074795,1.2229269054652336,2.94063102163646,0.5701267728071736,0.19387905813824421,2.411411415667348,2.7228643009531965,3.8552381691704234,0.9770557717890067,3.7866022703708624,0.07195225694635055,3.704270804985255,3.7701079469489005,3.8738104699712825,1.2678415333480362,0.16459218352202418,1.0863831317465347,1.2277411199159032,1.487647361291981,6.0,0.8571428571428572,3.132948465583417,3.1345365725522165,0.03434648229096285,0.01020408163265306,0.2857142857142857,0.44387755102040816,0.2193877551020408,0.03571428571428571
sim__lam_m0p05__gam_0p07__rep_016__20260601_173542_486347,16,hexagonal_perfect_14x14.dat,I_perfect,-0.05,0.07,0.6262295969387754,0.2641057376594044,0.4217394689583851,0.39315849999999997,0.5160885,1.06529,1.215579307439465,2.9314217935932505,0.5400699122470717,0.18423480149708707,2.4199086027826704,2.723661327303998,3.833129507171235,0.9979400367123714,3.7883093545067847,0.07713191527844346,3.6966260633412515,3.7696798649870518,3.8791640499080025,1.2698292298306804,0.16584839858374045,1.0933801043361338,1.2429952935652997,1.4896496480136134,5.994897959183674,0.9006655644441097,3.1403812122456785,3.089212326698589,0.0009230104807526688,0.025510204081632654,0.25510204081632654,0.4846938775510204,0.17857142857142858,0.04591836734693878
sim__lam_m0p05__gam_0p07__rep_017__20260601_173559_495774,17,hexagonal_perfect_14x14.dat,I_perfect,-0.05,0.07,0.6361582551020408,0.2685127587522635,0.42208484539554003,0.39406,0.527736,1.058275,1.1605995137876446,2.950941395051066,0.5532598451733158,0.18748588030280222,2.4193933531651517,2.7352646766780353,3.831414064136906,0.8591567862978841,3.784562789779849,0.07273658727702528,3.692313699961235,3.7731887690171035,3.8606378863528383,1.2513839472299209,0.1593758603046919,1.073186050581326,1.2176314614532582,1.476549072881428,5.98469387755102,0.9284452706405265,3.1927924527462346,3.151290879672895,0.0247976950936742,0.015306122448979591,0.3112244897959184,0.41836734693877553,0.19387755102040816,0.05102040816326531
sim__lam_m0p05__gam_0p07__rep_018__20260601_173616_713249,18,hexagonal_perfect_14x14.dat,I_perfect,-0.05,0.07,0.6252431122448979,0.2602462732481263,0.4162321313917581,0.39514,0.5220685,1.069285,1.1969282219721173,2.929075634572903,0.5389191469666793,0.18398949504937473,2.424835384527138,2.724807243809844,3.82980167989525,0.9976548938000236,3.785616769587453,0.07358418084607136,3.6976793954935845,3.771158746752898,3.8699441247960626,1.2585715414575254,0.15561555090882725,1.0728977902054817,1.2400475185431223,1.4451406406661054,6.005102040816326,0.8777141518995889,3.1247999237887787,3.109617709672905,0.03138562827337862,0.01020408163265306,0.30612244897959184,0.39285714285714285,0.25510204081632654,0.030612244897959183
sim__lam_m0p05__gam_0p07__rep_019__20260601_173635_408914,19,hexagonal_perfect_14x14.dat,I_perfect,-0.05,0.07,0.6361582551020408,0.2685127587522635,0.42208484539554003,0.39406,0.527736,1.058275,1.1605995137876446,2.950941395051066,0.5532598451733158,0.18748588030280222,2.4193933531651517,2.7352646766780353,3.831414064136906,0.8591567862978841,3.784562789779849,0.07273658727702528,3.692313699961235,3.7731887690171035,3.8606378863528383,1.2513839472299209,0.1593758603046919,1.073186050581326,1.2176314614532582,1.476549072881428,5.98469387755102,0.9284452706405265,3.1927924527462346,3.151290879672895,0.0247976950936742,0.015306122448979591,0.3112244897959184,0.41836734693877553,0.19387755102040816,0.05102040816326531
sim__lam_m0p05__gam_0p07__rep_020__20260601_173653_184061,20,hexagonal_perfect_14x14.dat,I_perfect,-0.05,0.07,0.6465939744897958,0.2777101986135069,0.42949704075453005,0.394114,0.524917,1.13179,1.0458450999012792,2.9767792970962663,0.5712901379202567,0.19191551704129908,2.44122427770355,2.748929488819524,3.951874128449404,0.8538058457766671,3.7907918381202665,0.08245357274276092,3.6940755169054187,3.767342120289137,3.902372601610672,1.2870906726379092,0.17905614148765134,1.0900612506287264,1.2483308456530093,1.5423702835259694,5.994897959183674,0.8835079026683732,3.193259149518325,3.1525282580931795,-0.023285769342139565,0.02040816326530612,0.2755102040816326,0.4489795918367347,0.1989795918367347,0.05612244897959184
sim__lam_m0p05__gam_0p07__rep_021__20260601_173711_952815,21,hexagonal_perfect_14x14.dat,I_perfect,-0.05,0.07,0.6541489030612245,0.2793690034487446,0.4270724939550502,0.3949635,0.534029,1.11703,0.9842839820824807,2.9908728749851172,0.5813924468204867,0.19438888616193203,2.424050901343099,2.7508331997669426,3.9640227654111406,0.7935838830045971,3.785333910349832,0.07481797715628977,3.7015980609535637,3.769055105000164,3.86680697351031,1.2627509144261944,0.16307307129172124,1.0851359146167674,1.239375145023046,1.4617145482861864,5.989795918367347,0.82058836481706,3.1827572419756534,3.2549499663854986,0.01217311949058723,0.01020408163265306,0.28061224489795916,0.44387755102040816,0.24489795918367346,0.015306122448979591
sim__lam_m0p05__gam_0p07__rep_022__20260601_173729_680474,22,hexagonal_perfect_14x14.dat,I_perfect,-0.05,0.07,0.6548911683673468,0.2999823481484713,0.4580644275534721,0.380003,0.523117,1.13631,0.982012531081614,2.981239560730664,0.6085420658715737,0.20412383958913505,2.393053489716693,2.73593129578322,3.9388784273713164,0.8071282266271894,3.786198555157817,0.07931311584458202,3.6963582593319937,3.7673910665910517,3.8844188878472306,1.272124297822084,0.1454691932741909,1.0982841190632673,1.2545490993928345,1.4727383175615771,6.010204081632653,0.9257638650654343,3.2182992005593385,3.2492528685908653,-0.0026711641888012747,0.015306122448979591,0.29081632653061223,0.4336734693877551,0.20408163265306123,0.04081632653061224
sim__lam_m0p05__gam_0p07__rep_023__20260601_173745_696223,23,hexagonal_perfect_14x14.dat,I_perfect,-0.05,0.07,0.6799296530612244,0.2950646087630156,0.4339634364145205,0.38282649999999996,0.5686994999999999,1.1364100000000001,0.7626911102393807,3.049460984468074,0.6082366109865982,0.19945708900174539,2.4048265017618053,2.84797456508034,3.9474367321557287,0.5245118858170036,3.7942787810658842,0.08977105610317408,3.6977937380810784,3.7657441325546737,3.90999588374617,1.2944306830004895,0.21348047512525387,1.0788247704249816,1.2464537170200456,1.591725323133135,6.01530612244898,0.8480291726807621,3.208920667804137,3.2556787614965557,0.0073881775168009225,0.01020408163265306,0.2755102040816326,0.4489795918367347,0.2193877551020408,0.04591836734693878
sim__lam_m0p05__gam_0p07__rep_024__20260601_173804_136465,24,hexagonal_perfect_14x14.dat,I_perfect,-0.05,0.07,0.6442248826530612,0.28296373034025574,0.43923129633631813,0.3874885,0.5343945,1.15811,1.1233248869142884,2.972154958450396,0.5801094922381618,0.1951814425383865,2.396821400844703,2.7449181545176735,4.010886264190418,0.9238386520093087,3.794102803682976,0.0785264935078757,3.707380264621462,3.7728664376124543,3.9021544068540717,1.2836683993881222,0.17197446044800904,1.0926600148401096,1.2414547250953945,1.5150020218173048,5.98469387755102,0.9061977124469849,3.160939014433432,3.2381402251381446,-0.0037129027053846705,0.02040816326530612,0.28061224489795916,0.45918367346938777,0.1836734693877551,0.04591836734693878
sim__lam_m0p05__gam_0p07__rep_025__20260601_173821_374552,25,hexagonal_perfect_14x14.dat,I_perfect,-0.05,0.07,0.6626095918367346,0.2960914190242649,0.446856524070322,0.398117,0.5365715,1.1962700000000002,1.064083573232869,3.0058264626091753,0.6067543656745292,0.20185941311716338,2.4381542990345606,2.7737056452218223,4.033519892047151,0.8372959105063446,3.785109064902119,0.07095926281009231,3.706530234388413,3.7727099746072437,3.865556159564059,1.2701001981157323,0.16715100667005628,1.0908213520713146,1.245572996493352,1.4993923276510528,6.020408163265306,0.8265935980032096,3.1849804589720527,3.202734529616212,0.01262400087827888,0.00510204081632653,0.25,0.5204081632653061,0.17857142857142858,0.03571428571428571
sim__lam_m0p05__gam_0p07__rep_026__20260601_173837_872320,26,hexagonal_perfect_14x14.dat,I_perfect,-0.05,0.07,0.6171401836734693,0.2537044903141813,0.41109701981098995,0.3979765,0.5229195,1.01847,1.4667751703209275,2.9136179580156196,0.5172462204434738,0.17752712534610324,2.43136750819693,2.721623784958913,3.7542831466232984,1.1705090052388827,3.7848866057481305,0.07441927700119047,3.690565995867191,3.773345487129797,3.8659927876656925,1.25183382069232,0.15611547467308706,1.0776686334065362,1.2215151253878638,1.4500903684827064,5.974489795918367,0.8715235574098765,3.113027930904589,3.149034593423617,0.02760566079669455,0.00510204081632653,0.3163265306122449,0.42857142857142855,0.20918367346938777,0.030612244897959183
sim__lam_m0p05__gam_0p07__rep_027__20260601_173855_259100,27,hexagonal_perfect_14x14.dat,I_perfect,-0.05,0.07,0.6430102755102042,0.281865913095154,0.43835366840921136,0.388563,0.5260644999999999,1.14806,1.2491186409472312,2.964186662340578,0.5707858921712676,0.1925607113151139,2.4169108595965394,2.7204272116043624,3.9727539653731005,1.048172406344668,3.7847500715239044,0.07241991903150884,3.696446652099726,3.7725707290842,3.8756449629281864,1.2594624498216698,0.16640868707043166,1.052438159126413,1.2324921859179319,1.485262482701837,5.974489795918367,0.8831542755292943,3.1793570377882254,3.1444168732624376,-0.004510693325862615,0.0,0.32142857142857145,0.45408163265306123,0.16326530612244897,0.05102040816326531
sim__lam_m0p05__gam_0p07__rep_028__20260601_173912_688109,28,hexagonal_perfect_14x14.dat,I_perfect,-0.05,0.07,0.6438065918367347,0.28022932797105465,0.4352694295520413,0.401118,0.5212475000000001,1.097035,1.2609336370067945,2.968729614087842,0.5689905729678524,0.19166129857955624,2.4353314809704107,2.7380312779824925,3.9094283744435163,1.0462344610769094,3.787072446116402,0.07634322852199106,3.7023356655823165,3.7671948928907817,3.8852986010976673,1.2705454063392099,0.16966820086058637,1.095992651007188,1.236700978226951,1.4921503127339992,5.974489795918367,0.8946338008654594,3.1219858976407515,3.146788757991043,0.009004745801621559,0.015306122448979591,0.3010204081632653,0.44387755102040816,0.17346938775510204,0.0663265306122449
sim__lam_m0p05__gam_0p07__rep_029__20260601_173928_943020,29,hexagonal_perfect_14x14.dat,I_perfect,-0.05,0.07,0.6346923469387755,0.2684344416134573,0.42293631380264374,0.3954255,0.518617,1.06886,1.1994216771324782,2.9456984834418924,0.5514542614597577,0.18720662164147414,2.4196909343459563,2.7365029298328736,3.8397272208212474,1.0068916081036865,3.7799140923804675,0.06827873344466731,3.6953111511168677,3.768399213028581,3.867231106455815,1.2578993519217962,0.1464366779523134,1.0898883827478938,1.2466908744920182,1.4597292389899945,6.010204081632653,0.8450926523191103,3.1410838971544357,3.031648296077493,-0.009795757530302276,0.0,0.29591836734693877,0.45408163265306123,0.19387755102040816,0.05612244897959184
sim__lam_m0p05__gam_0p07__rep_000__20260601_173945_748981,0,hexagonal_2000_1.dat,I_2000,-0.05,0.07,0.6792438010204082,0.2867648059214725,0.4221824409589781,0.39485800000000004,0.5815355,1.135395,0.7691584221979307,3.0536121381113595,0.5885713939218634,0.1927459570178741,2.429831437245058,2.8622789399833923,3.9431289065334565,0.5669337123247408,3.796846632848147,0.08907448845594226,3.6983831499579147,3.770025596817741,3.9042236341635492,1.293641153463893,0.20510806587593014,1.0789356713700513,1.2510400926304945,1.5410412474532493,6.010204081632653,0.8805714512744932,3.2736102951272525,3.1743458961388873,-0.0036975397072822663,0.015306122448979591,0.28061224489795916,0.4336734693877551,0.22448979591836735,0.04081632653061224
sim__lam_m0p05__gam_0p07__rep_001__20260601_174001_892688,1,hexagonal_2000_1.dat,I_2000,-0.05,0.07,0.6436542602040816,0.2947774891580168,0.4579748902214904,0.3835,0.5211635,1.16952,1.109282184742387,2.9643777187551588,0.6014128063128023,0.20287995099529782,2.399486765923447,2.729134601187231,4.0310362389641625,0.935451586272521,3.793515196128864,0.08140135421764132,3.6974400385637143,3.7731953811942516,3.8870316159803786,1.2800203733785598,0.17462187266338933,1.097188455356604,1.2529079197929263,1.5134028396462766,6.005102040816326,0.9556355347631006,3.148438893549179,3.1930949609918198,-0.0011252697091314187,0.01020408163265306,0.336734693877551,0.3673469387755102,0.2193877551020408,0.05612244897959184
sim__lam_m0p05__gam_0p07__rep_002__20260601_174018_316765,2,hexagonal_2000_1.dat,I_2000,-0.05,0.07,0.6500620204081633,0.2958897831488217,0.4551716203364445,0.391434,0.5066345,1.13789,1.0650539391163207,2.9781684251860683,0.6067516521166844,0.2037331559173227,2.399284348708523,2.6993435892048576,3.949771540243983,0.8364258811616943,3.792558536527688,0.08177968044866891,3.7031281853792253,3.772857947564261,3.8920953363253883,1.284051558997955,0.18366844099200397,1.0857958607748797,1.2497298357380602,1.5070928314247785,5.994897959183674,0.9662543343071034,3.1246180494709868,3.1363128796733433,0.02720896061424865,0.025510204081632654,0.2857142857142857,0.4489795918367347,0.16326530612244897,0.061224489795918366
sim__lam_m0p05__gam_0p07__rep_003__20260601_174035_259999,3,hexagonal_2000_1.dat,I_2000,-0.05,0.07,0.6542219336734695,0.28865606098590524,0.44122039651690426,0.409653,0.5344855,1.17847,1.1983490121607154,2.97862450780874,0.5800696247841867,0.19474412543886807,2.4506036644223936,2.741823574991755,4.027663202959241,1.0396441890368078,3.771305720248101,0.06517010146289828,3.6924316085942235,3.758162164170148,3.8548408868934336,1.2247946274413148,0.13230898323888868,1.07917575457175,1.199366921678909,1.3875417466532554,5.994897959183674,0.836034425736311,3.084039131601242,3.2102424898699784,0.021640470378688565,0.01020408163265306,0.2755102040816326,0.46938775510204084,0.1989795918367347,0.04591836734693878
sim__lam_m0p05__gam_0p07__rep_004__20260601_174053_082625,4,hexagonal_2000_1.dat,I_2000,-0.05,0.07,0.6318954795918367,0.276458823611875,0.4375072025994108,0.39708600000000005,0.5152745000000001,1.07618,1.2470519268136133,2.9362108569198346,0.5585607119336531,0.19023181207067952,2.436245933909337,2.6987255700383077,3.8679052937077145,1.0389480467865226,3.783269409634081,0.0768332027333743,3.6944630123457314,3.769254336213242,3.875364584071659,1.2544264406813188,0.14778833096342306,1.0904082571578573,1.2314014817371874,1.4515071081919684,5.98469387755102,0.9501720618421553,3.201691016930448,3.0520040456091126,0.015838763799034674,0.015306122448979591,0.32653061224489793,0.3826530612244898,0.22448979591836735,0.04081632653061224
sim__lam_m0p05__gam_0p07__rep_005__20260601_174108_288021,5,hexagonal_2000_1.dat,I_2000,-0.05,0.07,0.6441323367346938,0.28107214788900314,0.4363577666561634,0.3912485,0.5337565,1.1066150000000001,1.1531018237450759,2.968779866109417,0.5736835992587793,0.19323884731487276,2.436555104036626,2.747264387587073,3.91441633341444,0.9430602551128433,3.788923723031973,0.07940481857531907,3.700946748138038,3.768798893212238,3.8883115098724224,1.2801785225823268,0.17367443318733974,1.086989816187827,1.2532303905642563,1.4979323335754842,5.989795918367347,0.8570821164095392,3.116929813036921,3.133370755021994,0.006107165090776266,0.01020408163265306,0.29591836734693877,0.4336734693877551,0.21428571428571427,0.04591836734693878
sim__lam_m0p05__gam_0p07__rep_006__20260601_174125_931091,6,hexagonal_2000_1.dat,I_2000,-0.05,0.07,0.633541525510204,0.2747502301496582,0.4336735937363577,0.386497,0.521463,1.03598,1.1442561327207235,2.9473741778678537,0.5629677513611856,0.19100654256537203,2.397754835241688,2.733605957939194,3.773820962315816,0.925683004555903,3.7936356462493075,0.09178418730500666,3.6941299444868383,3.7666261464877095,3.8894680451236145,1.270814178161653,0.1739403880340048,1.095830601756476,1.2368847894595025,1.449807917062452,5.954081632653061,0.9598754561375624,3.21629672229811,3.1237734286903334,0.026908469428550946,0.025510204081632654,0.3112244897959184,0.4387755102040816,0.1377551020408163,0.08163265306122448
sim__lam_m0p05__gam_0p07__rep_007__20260601_174141_196783,7,hexagonal_2000_1.dat,I_2000,-0.05,0.07,0.6391651836734694,0.28260784581338605,0.4421515017271653,0.39214950000000004,0.519514,1.143955,1.2759650086247123,2.9541911672953938,0.5692886461455303,0.19270541881232753,2.426306519759537,2.72040170590176,3.9589396884517614,1.063977083333571,3.785181228841755,0.07664186268067072,3.692683167647349,3.771065832428992,3.876543681464424,1.2591652870664223,0.15888669340334174,1.0800382346313206,1.232822488086101,1.4672462566887083,5.989795918367347,0.880571451274493,3.128371758498353,3.134707003635139,0.05281082828165954,0.01020408163265306,0.2857142857142857,0.4744897959183674,0.17346938775510204,0.04591836734693878
sim__lam_m0p05__gam_0p07__rep_008__20260601_174156_514958,8,hexagonal_2000_1.dat,I_2000,-0.05,0.07,0.6361374795918366,0.2509179793223857,0.3944398614635741,0.39755450000000003,0.5424914999999999,1.054325,1.2668831158444018,2.963520319523527,0.5167861065646944,0.17438250824870621,2.46139502353178,2.774831703723394,3.81544993850758,1.0279918057842743,3.787632100224758,0.06846727992144443,3.712995095464141,3.7756669971956005,3.85884084744293,1.2899389780486334,0.17529268999686506,1.093868333712811,1.254852747743453,1.4925091111293676,6.01530612244898,0.8111282191624819,3.161626671268645,3.1001454790680656,-0.0217406674792808,0.0,0.2653061224489796,0.5051020408163265,0.1836734693877551,0.04081632653061224
sim__lam_m0p05__gam_0p07__rep_009__20260601_174213_582878,9,hexagonal_2000_1.dat,I_2000,-0.05,0.07,0.6436542602040816,0.2947774891580168,0.4579748902214904,0.3835,0.5211635,1.16952,1.109282184742387,2.9643777187551588,0.6014128063128023,0.20287995099529782,2.399486765923447,2.729134601187231,4.0310362389641625,0.935451586272521,3.793515196128864,0.08140135421764132,3.6974400385637143,3.7731953811942516,3.8870316159803786,1.2800203733785598,0.17462187266338933,1.097188455356604,1.2529079197929263,1.5134028396462766,6.005102040816326,0.9556355347631006,3.148438893549179,3.1930949609918198,-0.0011252697091314187,0.01020408163265306,0.336734693877551,0.3673469387755102,0.2193877551020408,0.05612244897959184
sim__lam_m0p05__gam_0p07__rep_010__20260601_174229_337042,10,hexagonal_2000_1.dat,I_2000,-0.05,0.07,0.6572317908163265,0.2843614538470757,0.4326653972313889,0.387312,0.5436125,1.13005,1.0370443940044132,2.994664087305739,0.5815293982390239,0.19418852374926107,2.4084130818885754,2.7826102444343475,3.9390957890995812,0.819206588393534,3.783112938777479,0.07108220964981973,3.6965190547653735,3.765214416620105,3.8711527555386374,1.2735099631853697,0.1680943553435133,1.0962092066259799,1.2439972876515255,1.488274249269563,6.035714285714286,0.8593721011082831,3.1513261081544006,3.1075586304222056,-0.043922273121876305,0.00510204081632653,0.28061224489795916,0.4387755102040816,0.22959183673469388,0.04081632653061224
sim__lam_m0p05__gam_0p07__rep_011__20260601_174245_060808,11,hexagonal_2000_1.dat,I_2000,-0.05,0.07,0.6164790357142858,0.25921138946703787,0.4204707288485182,0.3834505,0.523641,1.0606200000000001,1.0833993220412559,2.914660876982754,0.5374000564516949,0.18437824471978537,2.3845637072554338,2.7431995600836085,3.837446295836915,0.869909189507633,3.8003726921249386,0.0902726094185834,3.6967129975782536,3.7945614544856276,3.91702152734506,1.289337337599784,0.17964842379778098,1.0917664190305238,1.253518755781073,1.5548034773083996,5.979591836734694,1.0048818778865451,3.1252081838783745,3.0986705130105983,0.03887564465407118,0.04591836734693878,0.2857142857142857,0.4030612244897959,0.17346938775510204,0.09183673469387756
sim__lam_m0p05__gam_0p07__rep_012__20260601_174301_792105,12,hexagonal_2000_1.dat,I_2000,-0.05,0.07,0.6469215459183674,0.29103194060536275,0.44987207867959483,0.3831075,0.5232005,1.18163,1.0806247239656726,2.971244135288899,0.5927572491631117,0.19949799551065076,2.381513230172421,2.7377916442128383,4.027826349522831,0.8879081956245585,3.7901779800838793,0.0760198430162028,3.696258197824335,3.780001488943468,3.879934223388595,1.2734686544447649,0.16854929188235404,1.0877722749080507,1.241641998490139,1.5033410823771822,5.974489795918367,0.8946338008654594,3.1925554923814983,3.2026621475379238,-0.002159171312155901,0.01020408163265306,0.3112244897959184,0.4387755102040816,0.17857142857142858,0.05612244897959184
sim__lam_m0p05__gam_0p07__rep_013__20260601_174317_392030,13,hexagonal_2000_1.dat,I_2000,-0.05,0.07,0.6358608775510204,0.2770680977014004,0.4357369787681791,0.3936445,0.5217404999999999,1.12456,1.168088096656101,2.942835305272013,0.5646756069992246,0.19188148449470854,2.4238978870429664,2.7250943802837355,3.937519118236808,0.9622556391781364,3.779777810526932,0.07538336864563505,3.686955923872828,3.7593318731617185,3.8644527486828775,1.233709272288509,0.14828072235473302,1.0792591865373824,1.2057478817860163,1.4382875213389728,6.0,0.9202927661946518,3.1428445601268984,3.1496624254338164,-0.029572566722385785,0.02040816326530612,0.29591836734693877,0.4030612244897959,0.23469387755102042,0.03571428571428571
sim__lam_m0p05__gam_0p07__rep_014__20260601_174333_515711,14,hexagonal_2000_1.dat,I_2000,-0.05,0.07,0.6459777448979592,0.2758410763777227,0.4270132811167798,0.40256749999999997,0.5295665,1.1164100000000001,1.2607268837289929,2.976026914173312,0.5561472547614259,0.18687574769992527,2.436192305059322,2.7473146755618965,3.941069250891012,1.0433405461661562,3.7875398306724315,0.07988523387205317,3.693779601198055,3.768484628418924,3.8877084363484746,1.263187276701676,0.17634794146319271,1.0864076843969093,1.2222347115164527,1.4954933908798935,5.994897959183674,0.8660103747528134,3.0785286847899553,3.2184263595788414,0.021269810165711788,0.01020408163265306,0.29081632653061223,0.4387755102040816,0.22448979591836735,0.025510204081632654
sim__lam_m0p05__gam_0p07__rep_015__20260601_174351_507141,15,hexagonal_2000_1.dat,I_2000,-0.05,0.07,0.6459777448979592,0.2758410763777227,0.4270132811167798,0.40256749999999997,0.5295665,1.1164100000000001,1.2607268837289929,2.976026914173312,0.5561472547614259,0.18687574769992527,2.436192305059322,2.7473146755618965,3.941069250891012,1.0433405461661562,3.7875398306724315,0.07988523387205317,3.693779601198055,3.768484628418924,3.8877084363484746,1.263187276701676,0.17634794146319271,1.0864076843969093,1.2222347115164527,1.4954933908798935,5.994897959183674,0.8660103747528134,3.0785286847899553,3.2184263595788414,0.021269810165711788,0.01020408163265306,0.29081632653061223,0.4387755102040816,0.22448979591836735,0.025510204081632654
sim__lam_m0p05__gam_0p07__rep_016__20260601_174406_536141,16,hexagonal_2000_1.dat,I_2000,-0.05,0.07,0.6191394081632653,0.25945618015660343,0.41905938587544495,0.3970995,0.5143555,1.0356049999999999,1.3649275539026227,2.913373433388036,0.532465587534659,0.18276599265726756,2.4371361226038886,2.702347237766625,3.758925240165852,1.1440815445976529,3.7822829908769124,0.070737043073,3.699896225328902,3.7630290805221076,3.8655271421243267,1.2568595505009494,0.16280856760278156,1.085109591798258,1.2190979466808107,1.4864762121372541,5.994897959183674,0.8421149818456481,3.0574956470013497,3.1249115054975345,-0.0009907736038271332,0.015306122448979591,0.2653061224489796,0.4744897959183674,0.1989795918367347,0.04591836734693878
sim__lam_m0p05__gam_0p07__rep_017__20260601_174424_070118,17,hexagonal_2000_1.dat,I_2000,-0.05,0.07,0.633541525510204,0.2747502301496582,0.4336735937363577,0.386497,0.521463,1.03598,1.1442561327207235,2.9473741778678537,0.5629677513611856,0.19100654256537203,2.397754835241688,2.733605957939194,3.773820962315816,0.925683004555903,3.7936356462493075,0.09178418730500666,3.6941299444868383,3.7666261464877095,3.8894680451236145,1.270814178161653,0.1739403880340048,1.095830601756476,1.2368847894595025,1.449807917062452,5.954081632653061,0.9598754561375624,3.21629672229811,3.1237734286903334,0.026908469428550946,0.025510204081632654,0.3112244897959184,0.4387755102040816,0.1377551020408163,0.08163265306122448
sim__lam_m0p05__gam_0p07__rep_018__20260601_174439_672677,18,hexagonal_2000_1.dat,I_2000,-0.05,0.07,0.6512637755102042,0.2981685225213964,0.45783065745880225,0.4010985,0.5297045,1.242835,1.3310226100333762,2.980427937231713,0.5964471514334826,0.20012131277606923,2.442296603646774,2.750012072095396,4.090619062671266,1.1502812010518109,3.7872542274402754,0.07713360557956649,3.696230265778212,3.7720248509668117,3.8702083975599417,1.2626454609235236,0.15194820640259168,1.0971399540577043,1.2360979519719466,1.4501749328300417,5.989795918367347,0.9312587263986012,3.156207410555267,3.1797867227397236,-0.0260102979553123,0.025510204081632654,0.2755102040816326,0.4642857142857143,0.15816326530612246,0.07142857142857142
sim__lam_m0p05__gam_0p07__rep_019__20260601_174455_256265,19,hexagonal_2000_1.dat,I_2000,-0.05,0.07,0.6464014183673469,0.2751951915753291,0.42573420131097434,0.394965,0.5429925,1.132885,1.204138875781638,2.9840380143882044,0.5614752761585657,0.18815955877609447,2.434317538752226,2.7791451437957653,3.9768918169870844,0.9916567235751698,3.7959238801464306,0.07690914709221132,3.71244428283592,3.7828660789692554,3.88943222869829,1.2956545157924286,0.17890612997752317,1.087134981824064,1.2731434638897094,1.524375767942288,6.010204081632653,0.9090800234098934,3.1839283756126844,3.15099158039653,0.04117054569079093,0.00510204081632653,0.32142857142857145,0.39285714285714285,0.22959183673469388,0.04081632653061224
sim__lam_m0p05__gam_0p07__rep_020__20260601_174511_647141,20,hexagonal_2000_1.dat,I_2000,-0.05,0.07,0.6133275510204081,0.24907131577493954,0.40609836515602044,0.389883,0.5245930000000001,1.05182,1.1113062302507222,2.9144209370174305,0.5243479454242008,0.1799149665595766,2.413282049014457,2.746642037452068,3.8067579585791727,0.9086608754922826,3.8020349335568366,0.08436362944219586,3.705672173432951,3.7820259069511253,3.9155149040828663,1.3022413935028359,0.1933697895157386,1.096263935033699,1.2670943151978888,1.566440191480695,5.979591836734694,0.874579687233311,3.0730223786125936,3.1343387348686793,0.022291034471284984,0.025510204081632654,0.2857142857142857,0.4030612244897959,0.25510204081632654,0.030612244897959183
sim__lam_m0p05__gam_0p07__rep_021__20260601_174528_223513,21,hexagonal_2000_1.dat,I_2000,-0.05,0.07,0.6459777448979592,0.2758410763777227,0.4270132811167798,0.40256749999999997,0.5295665,1.1164100000000001,1.2607268837289929,2.976026914173312,0.5561472547614259,0.18687574769992527,2.436192305059322,2.7473146755618965,3.941069250891012,1.0433405461661562,3.7875398306724315,0.07988523387205317,3.693779601198055,3.768484628418924,3.8877084363484746,1.263187276701676,0.17634794146319271,1.0864076843969093,1.2222347115164527,1.4954933908798935,5.994897959183674,0.8660103747528134,3.0785286847899553,3.2184263595788414,0.021269810165711788,0.01020408163265306,0.29081632653061223,0.4387755102040816,0.22448979591836735,0.025510204081632654
sim__lam_m0p05__gam_0p07__rep_022__20260601_174543_826612,22,hexagonal_2000_1.dat,I_2000,-0.05,0.07,0.620036418367347,0.27256565375787467,0.43959620061534954,0.381219,0.4983065,1.062205,1.2627315041309168,2.9174515281106053,0.559579755388673,0.19180430248686092,2.3912091663964503,2.6773729502658803,3.8435692074036365,1.0082130266919718,3.794901487784383,0.07866616349025067,3.709999965526314,3.777453017989852,3.8831565161235617,1.3018640383044087,0.20377431949386807,1.0939623028992127,1.2742424221649444,1.5436101820614627,6.005102040816326,0.9230464698518916,3.043633117900145,3.0476065880518592,0.004959770411173107,0.01020408163265306,0.3010204081632653,0.4387755102040816,0.18877551020408162,0.04591836734693878
sim__lam_m0p05__gam_0p07__rep_023__20260601_174602_230339,23,hexagonal_2000_1.dat,I_2000,-0.05,0.07,0.6278391530612245,0.25215837243999817,0.40162893825611257,0.399988,0.5282825,1.027015,1.2598205317890194,2.936234751859966,0.5190337412405881,0.17676847565121553,2.4342883904385655,2.739779398837955,3.8096690430577995,1.0334804691532264,3.7806002143531936,0.07422948442515727,3.70011444153699,3.7605752083490858,3.8594086371497784,1.2533318316815616,0.1687719113888373,1.0735763476375948,1.220261728261347,1.4675117985716195,5.989795918367347,0.8017187908332803,3.123998004669258,3.172445368023152,0.051860173737940704,0.01020408163265306,0.25510204081632654,0.5102040816326531,0.1836734693877551,0.04081632653061224
sim__lam_m0p05__gam_0p07__rep_024__20260601_174617_704334,24,hexagonal_2000_1.dat,I_2000,-0.05,0.07,0.6310779846938775,0.26983301269618354,0.4275747518377562,0.391864,0.517523,1.0909849999999999,1.2655406373402747,2.938598625619861,0.5520292156886303,0.18785458173009206,2.407185770764685,2.7209750658504266,3.875022032057073,1.0628057584152042,3.7827615168414424,0.07296099494744342,3.7034768794510664,3.7611671452227626,3.8804228666133773,1.2581763162646196,0.15874411034160907,1.0738714699025689,1.2241303071454275,1.4754694621916107,6.010204081632653,0.8747582518427671,3.1025361306225587,3.1574040892413837,-0.030127640165749852,0.00510204081632653,0.2857142857142857,0.46938775510204084,0.1836734693877551,0.04591836734693878
sim__lam_m0p05__gam_0p07__rep_025__20260601_174634_362125,25,hexagonal_2000_1.dat,I_2000,-0.05,0.07,0.6459777448979592,0.2758410763777227,0.4270132811167798,0.40256749999999997,0.5295665,1.1164100000000001,1.2607268837289929,2.976026914173312,0.5561472547614259,0.18687574769992527,2.436192305059322,2.7473146755618965,3.941069250891012,1.0433405461661562,3.7875398306724315,0.07988523387205317,3.693779601198055,3.768484628418924,3.8877084363484746,1.263187276701676,0.17634794146319271,1.0864076843969093,1.2222347115164527,1.4954933908798935,5.994897959183674,0.8660103747528134,3.0785286847899553,3.2184263595788414,0.021269810165711788,0.01020408163265306,0.29081632653061223,0.4387755102040816,0.22448979591836735,0.025510204081632654
sim__lam_m0p05__gam_0p07__rep_026__20260601_174650_238488,26,hexagonal_2000_1.dat,I_2000,-0.05,0.07,0.6792438010204082,0.2867648059214725,0.4221824409589781,0.39485800000000004,0.5815355,1.135395,0.7691584221979307,3.0536121381113595,0.5885713939218634,0.1927459570178741,2.429831437245058,2.8622789399833923,3.9431289065334565,0.5669337123247408,3.796846632848147,0.08907448845594226,3.6983831499579147,3.770025596817741,3.9042236341635492,1.293641153463893,0.20510806587593014,1.0789356713700513,1.2510400926304945,1.5410412474532493,6.010204081632653,0.8805714512744932,3.2736102951272525,3.1743458961388873,-0.0036975397072822663,0.015306122448979591,0.28061224489795916,0.4336734693877551,0.22448979591836735,0.04081632653061224
sim__lam_m0p05__gam_0p07__rep_027__20260601_174705_820560,27,hexagonal_2000_1.dat,I_2000,-0.05,0.07,0.6292527091836735,0.2759585288895781,0.43854960791053127,0.38245850000000003,0.522588,1.08285,1.2392394477170523,2.9354399715243953,0.5637254399386538,0.19204120861163956,2.387525013549557,2.7259206824033386,3.902936762710467,1.0064607780579609,3.790782383322204,0.07880282337014578,3.702649598016169,3.772978075651756,3.8827372216179423,1.272086477615427,0.1702991392312567,1.0860642842782005,1.2339801397904444,1.4941157295266052,5.969387755102041,0.897321201934903,3.17523545601558,3.102487192811702,0.011505262912759573,0.02040816326530612,0.30612244897959184,0.40816326530612246,0.21428571428571427,0.05102040816326531
sim__lam_m0p05__gam_0p07__rep_028__20260601_174722_324178,28,hexagonal_2000_1.dat,I_2000,-0.05,0.07,0.6606092551020408,0.2958103732762475,0.4477841795148744,0.403625,0.527738,1.1516000000000002,1.1239819470736605,3.0014335064403976,0.5958062506665939,0.1985072297580239,2.4549602908483488,2.7455230969239173,3.962890344226987,0.9442885185057107,3.786910151827073,0.07510471005871636,3.696332216361215,3.7720974818884168,3.8708645278282576,1.270167483011425,0.1582501282851888,1.0833769223017617,1.2427658901416754,1.4800649295277781,6.010204081632653,0.8920842135499164,3.2307394408397303,3.187321241229603,0.022080574330280663,0.015306122448979591,0.27040816326530615,0.4642857142857143,0.1989795918367347,0.04591836734693878
sim__lam_m0p05__gam_0p07__rep_029__20260601_174738_788316,29,hexagonal_2000_1.dat,I_2000,-0.05,0.07,0.6792438010204082,0.2867648059214725,0.4221824409589781,0.39485800000000004,0.5815355,1.135395,0.7691584221979307,3.0536121381113595,0.5885713939218634,0.1927459570178741,2.429831437245058,2.8622789399833923,3.9431289065334565,0.5669337123247408,3.796846632848147,0.08907448845594226,3.6983831499579147,3.770025596817741,3.9042236341635492,1.293641153463893,0.20510806587593014,1.0789356713700513,1.2510400926304945,1.5410412474532493,6.010204081632653,0.8805714512744932,3.2736102951272525,3.1743458961388873,-0.0036975397072822663,0.015306122448979591,0.28061224489795916,0.4336734693877551,0.22448979591836735,0.04081632653061224
sim__lam_m0p05__gam_0p07__rep_000__20260601_174754_242064,0,hexagonal_1000_1.dat,I_1000_1,-0.05,0.07,0.6570318214285714,0.2945252608381137,0.4482663567150902,0.3926325,0.5249874999999999,1.1961,1.0892856714348684,2.992811160843491,0.5961140797069396,0.19918198899616915,2.434847965078524,2.7438645637650287,4.061037369126796,0.9262112344874376,3.7871325608932356,0.07858664045997152,3.691811121012142,3.768694070250742,3.8887991995268214,1.2543125615636994,0.16777675345619877,1.0782007185880724,1.213086331687676,1.4666587172280163,6.005102040816326,0.9340358391257507,3.2649769475274266,3.130521207353476,-0.016739379637545165,0.02040816326530612,0.29081632653061223,0.42857142857142855,0.18877551020408162,0.0663265306122449
sim__lam_m0p05__gam_0p07__rep_001__20260601_174809_910337,1,hexagonal_1000_1.dat,I_1000_1,-0.05,0.07,0.6593858673469386,0.29764929174820304,0.45140380843367733,0.3911055,0.5307075,1.15283,1.0268610706600791,2.9936865951263245,0.6030362842918222,0.2014360104605988,2.4124825342395897,2.731608466589042,3.956257829408183,0.8222187326110922,3.7838998742593652,0.07333501040105245,3.6910473907140764,3.776214930760906,3.8749830861896473,1.2680574419849324,0.16129130658460944,1.0892403812143054,1.2316398346906443,1.4854874862274157,6.01530612244898,0.8833900426841681,3.1611650730297507,3.119739080497883,-0.022287363374126106,0.01020408163265306,0.28061224489795916,0.45408163265306123,0.20408163265306123,0.04081632653061224
sim__lam_m0p05__gam_0p07__rep_002__20260601_174825_394733,2,hexagonal_1000_1.dat,I_1000_1,-0.05,0.07,0.6557862857142857,0.2878274431968302,0.43890433433338455,0.389698,0.534502,1.14697,1.1041371459627811,2.993000707143739,0.587782938449251,0.19638583347011093,2.400454018338362,2.738732415361996,3.968790441710742,0.8981132300472823,3.7863670938658536,0.07184338953031949,3.7015961518220504,3.7671407972546946,3.876121025559199,1.263289409319766,0.14743456234187086,1.0965121705837322,1.2455440101265773,1.4810777418882966,6.0,0.9202927661946518,3.1684883891691573,3.1980120737635405,-0.04759086657876632,0.01020408163265306,0.30612244897959184,0.4336734693877551,0.1836734693877551,0.05612244897959184
sim__lam_m0p05__gam_0p07__rep_003__20260601_174840_868167,3,hexagonal_1000_1.dat,I_1000_1,-0.05,0.07,0.6411914846938777,0.2817061089334291,0.43934786355979755,0.3880635,0.5166215000000001,1.1219649999999999,1.1048726317784685,2.962363350304417,0.5798576758267954,0.19574157767210176,2.4090320594892516,2.730412394627896,3.92316777068337,0.9031835190636943,3.790712894834543,0.07927634904935442,3.6971366778559034,3.7779588737484557,3.897024830855485,1.2757790416189039,0.17434711347653023,1.0940214150621936,1.2416793125675032,1.5102656517110364,6.005102040816326,0.9230464698518916,3.084274236270019,3.1502657204950677,-0.01705603419213285,0.02040816326530612,0.28061224489795916,0.4489795918367347,0.17857142857142858,0.0663265306122449
sim__lam_m0p05__gam_0p07__rep_004__20260601_174858_630341,4,hexagonal_1000_1.dat,I_1000_1,-0.05,0.07,0.6475631785714286,0.2786845329576989,0.4303588316619034,0.3949055,0.5305145,1.10913,1.1161672152076418,2.974929269897875,0.5697392272771268,0.19151353715931993,2.422738192959069,2.7320178039309946,3.914980764372264,0.8372217110637283,3.784822813777106,0.07276734275259616,3.696186373679984,3.7721781226685875,3.8730527979891836,1.2532963111957496,0.15548452983695868,1.0803284558616966,1.2294857900781246,1.457883245250766,5.989795918367347,0.9582605197214428,3.200839244870213,3.1148336214151415,-0.005923118617662709,0.02040816326530612,0.3010204081632653,0.42857142857142855,0.18877551020408162,0.04081632653061224
sim__lam_m0p05__gam_0p07__rep_005__20260601_174914_116777,5,hexagonal_1000_1.dat,I_1000_1,-0.05,0.07,0.6614500510204081,0.29218589351378066,0.4417353858580683,0.393673,0.526596,1.12786,0.9687644606812464,3.002430205758191,0.5962035316767381,0.19857365228111365,2.421843931098281,2.752134287175033,3.946354038219752,0.7847016888852675,3.786074970733907,0.07554295196085795,3.7010173245310094,3.764126807629946,3.8869535552349377,1.2651126860963433,0.1707103236383942,1.079486110536727,1.2341089619329564,1.4999457006088024,5.979591836734694,0.8687263940323577,3.1557767277903035,3.20426935218388,0.00950684146693327,0.01020408163265306,0.30612244897959184,0.42346938775510207,0.2193877551020408,0.03571428571428571
sim__lam_m0p05__gam_0p07__rep_006__20260601_174931_225107,6,hexagonal_1000_1.dat,I_1000_1,-0.05,0.07,0.6328446989795918,0.28177453231468486,0.44525067961946596,0.3953745,0.516823,1.0858150000000002,1.3533556856443922,2.9380472816106358,0.5641283888521879,0.1920079341074256,2.4204775565082124,2.7271864700683475,3.850232035979608,1.1266547845777213,3.7837724653927087,0.07590252842615247,3.6867885689235402,3.7676752664449555,3.877901827572845,1.2590278831452468,0.16218081807134135,1.0805136115529654,1.2324001126938537,1.495833386654092,6.0,0.8978432207126096,3.0678139462100122,3.181522540545735,-0.006837022053916295,0.015306122448979591,0.29591836734693877,0.413265306122449,0.23469387755102042,0.030612244897959183
sim__lam_m0p05__gam_0p07__rep_007__20260601_174946_217214,7,hexagonal_1000_1.dat,I_1000_1,-0.05,0.07,0.6655852602040815,0.3034108405179432,0.45585570874038833,0.381865,0.5381795,1.190885,0.8946470642719248,3.008167077033717,0.6234414888175843,0.20724962173049846,2.3915681985652997,2.7781533514844625,4.051524268259747,0.6517650555889373,3.790506391304126,0.08137493595270859,3.6955009007779425,3.7679239760918004,3.896439945636609,1.2595070155056522,0.16279443859925638,1.0756413765536168,1.2423277819164797,1.4777918595090016,6.0,0.9529760045804524,3.17894876243273,3.19198346479412,0.03501605479455057,0.03571428571428571,0.2857142857142857,0.37755102040816324,0.25,0.04591836734693878
sim__lam_m0p05__gam_0p07__rep_008__20260601_175001_745557,8,hexagonal_1000_1.dat,I_1000_1,-0.05,0.07,0.6518779693877551,0.2826733465463869,0.4336292370969993,0.3923845,0.5196545,1.141435,1.0718362715396221,2.9851872895503595,0.5795240251897069,0.19413322146256456,2.4118465250211094,2.735933449050068,3.9657776943748693,0.8461327443411317,3.787188228760072,0.07645428206054773,3.701852090815919,3.767313706314426,3.869993770979046,1.266830957236378,0.16634102499238002,1.0903198710973339,1.225977307597511,1.4958583717394058,5.98469387755102,0.8480291726807621,3.2603027900990655,3.145177074893961,0.005067255486427088,0.02040816326530612,0.25510204081632654,0.4897959183673469,0.19387755102040816,0.03571428571428571
sim__lam_m0p05__gam_0p07__rep_009__20260601_175017_201034,9,hexagonal_1000_1.dat,I_1000_1,-0.05,0.07,0.6655852602040815,0.3034108405179432,0.45585570874038833,0.381865,0.5381795,1.190885,0.8946470642719248,3.008167077033717,0.6234414888175843,0.20724962173049846,2.3915681985652997,2.7781533514844625,4.051524268259747,0.6517650555889373,3.790506391304126,0.08137493595270859,3.6955009007779425,3.7679239760918004,3.896439945636609,1.2595070155056522,0.16279443859925638,1.0756413765536168,1.2423277819164797,1.4777918595090016,6.0,0.9529760045804524,3.17894876243273,3.19198346479412,0.03501605479455057,0.03571428571428571,0.2857142857142857,0.37755102040816324,0.25,0.04591836734693878
sim__lam_m0p05__gam_0p07__rep_010__20260601_175032_753036,10,hexagonal_1000_1.dat,I_1000_1,-0.05,0.07,0.6751908010204082,0.30585765779301455,0.45299440888460324,0.387852,0.5391345,1.1908500000000002,0.8305754804026927,3.029396601249954,0.6300483386658283,0.20797816251779552,2.3957981244944833,2.7792953718058264,4.066745428300372,0.645528535463935,3.787575968333274,0.0777503214831099,3.6996867362238346,3.7643762543926242,3.880000828418811,1.2700761224587915,0.165900614822514,1.094301186842901,1.2260855792880574,1.483717950190226,5.989795918367347,0.8570821164095392,3.124805380069004,3.3295061320886927,0.03469537288160507,0.015306122448979591,0.2653061224489796,0.4897959183673469,0.17857142857142858,0.04591836734693878
sim__lam_m0p05__gam_0p07__rep_011__20260601_175048_134462,11,hexagonal_1000_1.dat,I_1000_1,-0.05,0.07,0.6462917551020408,0.28037514087628956,0.43382131779104666,0.382872,0.523277,1.12643,1.029295362420233,2.9714333162061015,0.5745847173512351,0.19336954802831186,2.4130249320700035,2.7342068800176578,3.9381880035638903,0.8439222918416749,3.786241523334759,0.07275710135683205,3.6976338025918896,3.7730510316862578,3.8741885863758916,1.2615634323299183,0.1660328285940856,1.0757242841598147,1.2275605413782493,1.4948839322503402,5.959183673469388,0.8854650265272096,3.2173280503086814,3.1844403340600484,-0.0068476789298540855,0.0,0.336734693877551,0.4336734693877551,0.17346938775510204,0.04591836734693878
sim__lam_m0p05__gam_0p07__rep_012__20260601_175105_188300,12,hexagonal_1000_1.dat,I_1000_1,-0.05,0.07,0.692611719387755,0.3155957056725211,0.45566036039794594,0.3932505,0.5552945,1.18566,0.7664214997424798,3.067826334691887,0.6404145308756068,0.2087518852137754,2.418840614382725,2.8005561258975193,4.046439320283838,0.6127886794185592,3.790811068711627,0.08242209241752306,3.691228917724424,3.77331605028572,3.8946598489168442,1.2812259187694306,0.1894690362139647,1.0661853754894577,1.2442598076188451,1.5713810259812706,6.010204081632653,0.9146751175119969,3.2534078220037355,3.27974651309482,-0.019542046762882046,0.00510204081632653,0.32142857142857145,0.4030612244897959,0.20408163265306123,0.061224489795918366
sim__lam_m0p05__gam_0p07__rep_013__20260601_175120_840497,13,hexagonal_1000_1.dat,I_1000_1,-0.05,0.07,0.6470759081632653,0.3046366304774339,0.4707896347766659,0.38331899999999997,0.529164,1.1795499999999999,1.09896940159504,2.96902059599488,0.6169957599070164,0.2078112091034725,2.375464284576661,2.7336428342302597,4.005400847468632,0.8857498807220653,3.7967195687754063,0.0845009826992489,3.695966649011596,3.785825926980915,3.8979814780945516,1.2802409385852314,0.18414573873248047,1.0880602617088755,1.2508726719617695,1.5011969421465938,5.98469387755102,0.9870438280714511,3.2169358228597953,3.119895757981203,0.0015295269462016164,0.030612244897959183,0.3010204081632653,0.4030612244897959,0.20408163265306123,0.04081632653061224
sim__lam_m0p05__gam_0p07__rep_014__20260601_175136_672687,14,hexagonal_1000_1.dat,I_1000_1,-0.05,0.07,0.6614384030612246,0.2913093583188823,0.4404179693380723,0.396655,0.5367919999999999,1.17333,1.0554165847280785,3.008921835393935,0.5865944141331143,0.1949516957312788,2.4343948426410513,2.7498879828621954,4.058078086773959,0.8797337181637475,3.7934682280629506,0.08567704861745096,3.69636972295447,3.770094952757427,3.9108510753348837,1.2842706869746159,0.187807297335766,1.0795713686839417,1.236213199398482,1.562932164413759,5.979591836734694,0.8509249689546688,3.206324909454281,3.1870578695026595,0.03449307197595803,0.01020408163265306,0.3010204081632653,0.42857142857142855,0.2193877551020408,0.04081632653061224
sim__lam_m0p05__gam_0p07__rep_015__20260601_175151_934094,15,hexagonal_1000_1.dat,I_1000_1,-0.05,0.07,0.6887063724489796,0.3044408800852318,0.4420474272689312,0.399314,0.5418515,1.13437,0.7851267893809322,3.0655789665533533,0.6229992681399744,0.2032240157363203,2.4364877201486173,2.776349235999268,3.9941676232494747,0.5808101854388317,3.7923914904940084,0.08489551211044545,3.6984158612991056,3.7759276183792396,3.882645242104759,1.275905839473795,0.1877026381690188,1.0905895536349353,1.2404979507612217,1.482404161323331,6.005102040816326,0.9119246801357735,3.240203697304182,3.24080045228269,-0.03848644125988108,0.030612244897959183,0.2602040816326531,0.44387755102040816,0.20408163265306123,0.061224489795918366
sim__lam_m0p05__gam_0p07__rep_016__20260601_175207_138732,16,hexagonal_1000_1.dat,I_1000_1,-0.05,0.07,0.6887063724489796,0.3044408800852318,0.4420474272689312,0.399314,0.5418515,1.13437,0.7851267893809322,3.0655789665533533,0.6229992681399744,0.2032240157363203,2.4364877201486173,2.776349235999268,3.9941676232494747,0.5808101854388317,3.7923914904940084,0.08489551211044545,3.6984158612991056,3.7759276183792396,3.882645242104759,1.275905839473795,0.1877026381690188,1.0905895536349353,1.2404979507612217,1.482404161323331,6.005102040816326,0.9119246801357735,3.240203697304182,3.24080045228269,-0.03848644125988108,0.030612244897959183,0.2602040816326531,0.44387755102040816,0.20408163265306123,0.061224489795918366
sim__lam_m0p05__gam_0p07__rep_017__20260601_175222_889146,17,hexagonal_1000_1.dat,I_1000_1,-0.05,0.07,0.6328446989795918,0.28177453231468486,0.44525067961946596,0.3953745,0.516823,1.0858150000000002,1.3533556856443922,2.9380472816106358,0.5641283888521879,0.1920079341074256,2.4204775565082124,2.7271864700683475,3.850232035979608,1.1266547845777213,3.7837724653927087,0.07590252842615247,3.6867885689235402,3.7676752664449555,3.877901827572845,1.2590278831452468,0.16218081807134135,1.0805136115529654,1.2324001126938537,1.495833386654092,6.0,0.8978432207126096,3.0678139462100122,3.181522540545735,-0.006837022053916295,0.015306122448979591,0.29591836734693877,0.413265306122449,0.23469387755102042,0.030612244897959183
sim__lam_m0p05__gam_0p07__rep_018__20260601_175239_650167,18,hexagonal_1000_1.dat,I_1000_1,-0.05,0.07,0.6440506734693878,0.27621202099512193,0.42886690810644984,0.3963635,0.5264205,1.1709200000000002,1.1505009498213503,2.9766961385605044,0.5620795672568937,0.1888266524672955,2.43465528712965,2.769044890169277,4.006732875815853,0.958387485118136,3.796418631907634,0.0790416149469025,3.7047199380413405,3.784804037560028,3.889393563676283,1.3076119684914895,0.18015931634186433,1.1075568395082742,1.271714036955352,1.572319261378456,5.994897959183674,0.854146243868228,3.1100527634498767,3.126273025384554,-0.005936216788013707,0.015306122448979591,0.2602040816326531,0.4897959183673469,0.19387755102040816,0.030612244897959183
sim__lam_m0p05__gam_0p07__rep_019__20260601_175255_675686,19,hexagonal_1000_1.dat,I_1000_1,-0.05,0.07,0.6484647551020408,0.27100547856308244,0.41791859377156093,0.405419,0.542497,1.112695,1.216709678314332,2.9802931453428623,0.5510377630072254,0.18489381283452483,2.450990332299967,2.7766700463112066,3.9067428483558944,1.0009157634325747,3.781652378360672,0.06765890423496221,3.696449440750998,3.768523837691741,3.860626245189196,1.2515091684629809,0.1402866545990662,1.0894234111600496,1.2153992316997506,1.4521166507291499,6.0,0.8630747123996123,3.1355786902181095,3.200811124325126,0.02358011643554081,0.015306122448979591,0.27040816326530615,0.46938775510204084,0.18877551020408162,0.05612244897959184
sim__lam_m0p05__gam_0p07__rep_020__20260601_175311_076104,20,hexagonal_1000_1.dat,I_1000_1,-0.05,0.07,0.6621551530612246,0.30209404091437586,0.456228482882451,0.388102,0.5189269999999999,1.160075,0.9659703275135685,2.997257685100704,0.6147924277280344,0.20511830890748822,2.3906420470651666,2.719809786524299,3.980006192125118,0.785682577443025,3.7842007348797577,0.07842832969308752,3.69320629788554,3.7749684932987475,3.8682342547465858,1.2560662067674304,0.15425219812988572,1.0749410244919424,1.2381661468456182,1.4650944679500104,6.020408163265306,0.9791665743587882,3.185737992832993,3.1463376530943497,-0.05138815096426518,0.015306122448979591,0.3010204081632653,0.4387755102040816,0.15306122448979592,0.07653061224489796
sim__lam_m0p05__gam_0p07__rep_021__20260601_175328_269217,21,hexagonal_1000_1.dat,I_1000_1,-0.05,0.07,0.6430124081632653,0.2892091744082909,0.4497723072466884,0.3914005,0.5199615,1.16288,1.1189674047316849,2.959108196648774,0.5846308289787648,0.19756994003824152,2.425811379924661,2.7103597610086654,4.001926751042452,0.9485037145272245,3.786225466062071,0.08192782494870207,3.6921303287272345,3.770545927892421,3.871355547098256,1.256634882630146,0.16000121922306607,1.089562727597659,1.2256308399018776,1.4324508254178476,5.989795918367347,0.9635700832266759,3.122381415235176,3.167068502650413,-0.048024911972632076,0.015306122448979591,0.32653061224489793,0.3877551020408163,0.21428571428571427,0.03571428571428571
sim__lam_m0p05__gam_0p07__rep_022__20260601_175343_426900,22,hexagonal_1000_1.dat,I_1000_1,-0.05,0.07,0.6508341989795918,0.2962712252839641,0.4552176664164494,0.38515,0.520724,1.1107049999999998,1.0145474260777092,2.9744827851495605,0.6052316856102057,0.20347459687166097,2.3842345883721996,2.7339020004722796,3.94529309830616,0.7756126551023317,3.7887817429207775,0.08530447569534975,3.693888792882228,3.7662570409734872,3.90830191900249,1.2587592728823718,0.16903984855575768,1.0703446565257586,1.2301680491648492,1.5158831263640864,6.01530612244898,0.9714130293731833,3.0557890428112713,3.2116077586167133,0.035797985990603944,0.03571428571428571,0.2602040816326531,0.4489795918367347,0.1683673469387755,0.08163265306122448
sim__lam_m0p05__gam_0p07__rep_023__20260601_175358_972393,23,hexagonal_1000_1.dat,I_1000_1,-0.05,0.07,0.6328446989795918,0.28177453231468486,0.44525067961946596,0.3953745,0.516823,1.0858150000000002,1.3533556856443922,2.9380472816106358,0.5641283888521879,0.1920079341074256,2.4204775565082124,2.7271864700683475,3.850232035979608,1.1266547845777213,3.7837724653927087,0.07590252842615247,3.6867885689235402,3.7676752664449555,3.877901827572845,1.2590278831452468,0.16218081807134135,1.0805136115529654,1.2324001126938537,1.495833386654092,6.0,0.8978432207126096,3.0678139462100122,3.181522540545735,-0.006837022053916295,0.015306122448979591,0.29591836734693877,0.413265306122449,0.23469387755102042,0.030612244897959183
sim__lam_m0p05__gam_0p07__rep_024__20260601_175414_424992,24,hexagonal_1000_1.dat,I_1000_1,-0.05,0.07,0.692611719387755,0.3155957056725211,0.45566036039794594,0.3932505,0.5552945,1.18566,0.7664214997424798,3.067826334691887,0.6404145308756068,0.2087518852137754,2.418840614382725,2.8005561258975193,4.046439320283838,0.6127886794185592,3.790811068711627,0.08242209241752306,3.691228917724424,3.77331605028572,3.8946598489168442,1.2812259187694306,0.1894690362139647,1.0661853754894577,1.2442598076188451,1.5713810259812706,6.010204081632653,0.9146751175119969,3.2534078220037355,3.27974651309482,-0.019542046762882046,0.00510204081632653,0.32142857142857145,0.4030612244897959,0.20408163265306123,0.061224489795918366
sim__lam_m0p05__gam_0p07__rep_025__20260601_175430_261029,25,hexagonal_1000_1.dat,I_1000_1,-0.05,0.07,0.6205338571428571,0.2618575020919716,0.4219874533473936,0.38538799999999995,0.5119035000000001,1.02755,1.159114248472468,2.9063457336244993,0.5412663489547384,0.18623604985892014,2.395124861105441,2.6735647395327735,3.762535834443823,0.9573999348879566,3.773432089698366,0.06977094549493451,3.689970205393621,3.7554229669717207,3.863160839556642,1.2257663129610612,0.136505986307915,1.0751913465565202,1.203764427012589,1.413176120190514,6.005102040816326,0.8600987661581985,3.1215152132242405,3.0477375299252762,0.01244299357057768,0.01020408163265306,0.28061224489795916,0.45918367346938777,0.19387755102040816,0.05612244897959184
sim__lam_m0p05__gam_0p07__rep_026__20260601_175447_392689,26,hexagonal_1000_1.dat,I_1000_1,-0.05,0.07,0.6217002908163265,0.25490948971278965,0.4100198978155045,0.3925885,0.5149235000000001,1.027955,1.3090683193561625,2.928003704007684,0.5237651764643974,0.17888132304864185,2.4365865218182323,2.7218138313849813,3.7822422158492857,1.0454418568357962,3.7916839227798924,0.07648308130741309,3.7011048203105075,3.774131186505354,3.8852516996121738,1.301702152019006,0.18223787485795054,1.1002438191281914,1.2704089697816308,1.5545337328026276,6.020408163265306,0.9145043470370645,3.0006335924629646,3.113525332808614,-0.008174101371543218,0.00510204081632653,0.29591836734693877,0.44387755102040816,0.20408163265306123,0.03571428571428571
sim__lam_m0p05__gam_0p07__rep_027__20260601_175502_851280,27,hexagonal_1000_1.dat,I_1000_1,-0.05,0.07,0.6212354387755102,0.27431077999850667,0.44155687663077786,0.3857435,0.5018425,1.12977,1.2293549298145958,2.919258621423471,0.5697047300313918,0.1951539085473012,2.391550045151134,2.691313343505331,3.976737116925532,1.032949097046961,3.792887454811225,0.07435636425601917,3.703213220727671,3.7909511150039323,3.8787669521451438,1.2732614664208828,0.16269710040696944,1.0873512129988185,1.2513099743312206,1.4873308171822472,5.974489795918367,0.9391497701177396,3.0619581103675833,3.126903079890255,0.05856223159408138,0.00510204081632653,0.34183673469387754,0.4030612244897959,0.19387755102040816,0.03571428571428571
sim__lam_m0p05__gam_0p07__rep_028__20260601_175520_140564,28,hexagonal_1000_1.dat,I_1000_1,-0.05,0.07,0.664921969387755,0.29135675268782596,0.4381818711083684,0.3860485,0.5460895,1.1598700000000002,0.9015621738173308,3.013664770538297,0.595850104874268,0.19771611982166162,2.4019437710188125,2.7744488807851355,3.9988518571366978,0.6810612771373826,3.792172126333513,0.0844956885235361,3.69805146111214,3.7672135497383463,3.8990529363082795,1.2971444988058056,0.16643583863816588,1.1118030328894544,1.2598250056330855,1.5459637607261005,6.0,0.9035079029052513,3.2147298758549407,3.216131968087802,0.007301139318867388,0.02040816326530612,0.29081632653061223,0.413265306122449,0.2193877551020408,0.05612244897959184
sim__lam_m0p05__gam_0p07__rep_029__20260601_175535_372779,29,hexagonal_1000_1.dat,I_1000_1,-0.05,0.07,0.6621551530612246,0.30209404091437586,0.456228482882451,0.388102,0.5189269999999999,1.160075,0.9659703275135685,2.997257685100704,0.6147924277280344,0.20511830890748822,2.3906420470651666,2.719809786524299,3.980006192125118,0.785682577443025,3.7842007348797577,0.07842832969308752,3.69320629788554,3.7749684932987475,3.8682342547465858,1.2560662067674304,0.15425219812988572,1.0749410244919424,1.2381661468456182,1.4650944679500104,6.020408163265306,0.9791665743587882,3.185737992832993,3.1463376530943497,-0.05138815096426518,0.015306122448979591,0.3010204081632653,0.4387755102040816,0.15306122448979592,0.07653061224489796
sim__lam_m0p05__gam_0p07__rep_000__20260601_175550_864337,0,hexagonal_1000_2.dat,I_1000_2,-0.05,0.07,0.6593267857142857,0.3041236652684082,0.4612639314182765,0.3823105,0.531297,1.14351,0.9835329634888406,2.995240622668559,0.6219360845718975,0.20764144284928482,2.400043601479415,2.740076513790955,3.9750003988092697,0.7665426208850041,3.792343538781851,0.08144251888380301,3.700540229481995,3.778038113968802,3.8907161074709626,1.2716767533516673,0.1714650311633777,1.07394018487829,1.251044567811956,1.4706032763503543,5.989795918367347,0.9741023912067812,3.117531917791078,3.175065503517896,-0.05714372653615899,0.030612244897959183,0.3010204081632653,0.39285714285714285,0.20918367346938777,0.05612244897959184
sim__lam_m0p05__gam_0p07__rep_001__20260601_175607_021933,1,hexagonal_1000_2.dat,I_1000_2,-0.05,0.07,0.6187047295918368,0.24943207330069853,0.40315203904267427,0.39194450000000003,0.5175704999999999,1.0548950000000001,1.173981339313692,2.9183761930418575,0.5230778092606462,0.179235908827524,2.425497365384779,2.7155181772207118,3.7930705848494766,0.9764129738334781,3.7857352401882376,0.0674165746710806,3.700112779917913,3.7731178461885024,3.867559636706818,1.2772733430747907,0.1647914414823114,1.1085244606080287,1.2424680768620235,1.4943863647043587,6.0,0.8206518066482897,3.148934381088935,2.9647693842807774,-0.03627388755499575,0.00510204081632653,0.2857142857142857,0.4489795918367347,0.22448979591836735,0.03571428571428571
sim__lam_m0p05__gam_0p07__rep_002__20260601_175623_054197,2,hexagonal_1000_2.dat,I_1000_2,-0.05,0.07,0.6449082551020409,0.2834890611159886,0.43958045020015113,0.3872815,0.5190790000000001,1.09954,1.166925567515468,2.9618670687416375,0.5784090276163782,0.19528527587226344,2.409547629950837,2.720535033086466,3.9079627445783003,0.9221005587563074,3.7781698828897885,0.07028843138194993,3.6904054910392996,3.7615607302328478,3.8644337034256955,1.232003984809014,0.14678877483528988,1.0668272284771898,1.2064475773869023,1.4287389318372172,5.979591836734694,0.8449078181422225,3.1360094961222673,3.1711083686818724,-0.007424060445174515,0.01020408163265306,0.28061224489795916,0.47959183673469385,0.1836734693877551,0.04081632653061224
sim__lam_m0p05__gam_0p07__rep_003__20260601_175638_445158,3,hexagonal_1000_2.dat,I_1000_2,-0.05,0.07,0.6259250765306122,0.2642637472428751,0.4221970921938746,0.39313549999999997,0.5304105,1.0406900000000001,1.4496072758098828,2.9306131409947147,0.5322197192197404,0.18160695172441343,2.438139005645275,2.7356757945145054,3.7850297191113307,1.1743049449345602,3.784594897982492,0.06993362854203608,3.6969007396002582,3.778594482703534,3.8742557896139553,1.2607830487625484,0.16774494034132809,1.0786096690276188,1.2235620043556419,1.4736246508078354,5.98469387755102,0.8540243318256634,3.166418498754027,3.076020194814334,-0.018524273883536446,0.0,0.3163265306122449,0.42857142857142855,0.2193877551020408,0.025510204081632654
sim__lam_m0p05__gam_0p07__rep_004__20260601_175655_293240,4,hexagonal_1000_2.dat,I_1000_2,-0.05,0.07,0.6588171836734693,0.28663314281254865,0.43507235378089054,0.3898865,0.5335525000000001,1.14876,0.9862785942585429,3.0008810696266854,0.5883277245548412,0.1960516631296668,2.4086151341732234,2.773036012363157,3.995558830985675,0.804653352941178,3.7879341668031214,0.07922664245292978,3.700503994388912,3.7694944538669755,3.88631319446647,1.2691471632405569,0.1744655373389985,1.0776288728797385,1.2385136246287927,1.4898728209929608,5.979591836734694,0.862833394147335,3.2200562884891575,3.1634139356720077,-0.02820651131843394,0.01020408163265306,0.2857142857142857,0.47959183673469385,0.1683673469387755,0.05102040816326531
sim__lam_m0p05__gam_0p07__rep_005__20260601_175710_754193,5,hexagonal_1000_2.dat,I_1000_2,-0.05,0.07,0.6506504234693877,0.283090629840064,0.4350886737768303,0.401742,0.538942,1.074385,1.180880940102634,2.978083990944799,0.5717282957280336,0.19197856657711676,2.4292770168455338,2.7603482835997655,3.8769778604333625,0.935207662351992,3.7811544617044226,0.07142538314836218,3.6930275540033497,3.766279432776381,3.862773477801398,1.2410375988036624,0.13531158236067203,1.084368824058992,1.215277839582872,1.4074323933397086,6.0,0.9313146293146641,3.246825730573455,3.1024338752062532,-0.015493863318603819,0.015306122448979591,0.32142857142857145,0.37755102040816324,0.2193877551020408,0.0663265306122449
sim__lam_m0p05__gam_0p07__rep_006__20260601_175725_951256,6,hexagonal_1000_2.dat,I_1000_2,-0.05,0.07,0.6338563265306122,0.2769842429712061,0.436982690520471,0.38754500000000003,0.5029705,1.0731700000000002,1.1468844248283458,2.944665250118588,0.5657324089676299,0.19212112784115426,2.4108919710183083,2.6925135680027177,3.851012210951242,0.9071273896989092,3.790380579393654,0.08316810714266794,3.6948843831571745,3.773548406118631,3.8835497254014792,1.2583989313137045,0.15912983209573917,1.0733107805596198,1.2246440930981513,1.4814390894975844,5.979591836734694,0.9200664554163144,3.0884815648849018,3.117850659602724,-0.03306599492920387,0.030612244897959183,0.28061224489795916,0.42857142857142855,0.1989795918367347,0.061224489795918366
sim__lam_m0p05__gam_0p07__rep_007__20260601_175742_913960,7,hexagonal_1000_2.dat,I_1000_2,-0.05,0.07,0.6413639081632653,0.28790397058741957,0.44889331457934484,0.385441,0.533282,1.136865,1.2376070065011893,2.961364604056528,0.5840207283268898,0.19721338180604,2.396181111077057,2.7657002135647537,3.936613062564134,0.9618730348231975,3.791467439194105,0.07575459455094397,3.7048379071534017,3.7781469816115276,3.8884292658891066,1.2838855863274972,0.1608127737806831,1.0961903290529809,1.2569246048154716,1.494943436212934,6.010204081632653,0.9741023912067812,3.1693889198001064,3.015717737913277,0.01372714123474275,0.01020408163265306,0.32653061224489793,0.3877551020408163,0.2193877551020408,0.03571428571428571
sim__lam_m0p05__gam_0p07__rep_008__20260601_175758_279337,8,hexagonal_1000_2.dat,I_1000_2,-0.05,0.07,0.6390874693877551,0.27764244737507726,0.43443575515668287,0.3985845,0.5413064999999999,1.094855,1.233213810547755,2.957739643755328,0.566861332791412,0.19165356017323365,2.4344030303326787,2.7610917153229058,3.896821081245248,0.9937216710748694,3.7878062559114847,0.07669366123679477,3.7131723995400314,3.767342220754446,3.870457142969168,1.2764707334150902,0.17120444271288002,1.0914550087022312,1.2332768591870344,1.5224957842270959,5.994897959183674,0.8835079026683733,3.0539663529411647,3.176328444413959,-0.003900954411797005,0.02040816326530612,0.2602040816326531,0.4744897959183674,0.20918367346938777,0.025510204081632654
sim__lam_m0p05__gam_0p07__rep_009__20260601_175814_929604,9,hexagonal_1000_2.dat,I_1000_2,-0.05,0.07,0.6408168979591836,0.27747253235079516,0.4329981516311943,0.387013,0.5379905,1.1356199999999999,1.1421537065899534,2.959805773519414,0.5733417862640818,0.19370926004450117,2.3984212520655674,2.749907947218646,4.018250473951803,0.9463225066709169,3.7852414849403826,0.07519511318199075,3.6976239721234903,3.766526892419745,3.8761094646682093,1.2674403778280798,0.1463314924459318,1.0965268065575176,1.249956802888743,1.4677749082643343,5.994897959183674,0.8949828922067583,3.1402169392877126,3.10443888583448,0.009347414313623504,0.02040816326530612,0.2857142857142857,0.42346938775510207,0.22448979591836735,0.04081632653061224
sim__lam_m0p05__gam_0p07__rep_010__20260601_175830_241258,10,hexagonal_1000_2.dat,I_1000_2,-0.05,0.07,0.6476946326530613,0.2796576473273548,0.4317739150954523,0.40321399999999996,0.529774,1.12624,1.2021454067429769,2.973036357756526,0.5640622114509033,0.18972597155736057,2.451170941228997,2.7466847091181585,3.9509089900199235,1.0097663917521862,3.781035629866669,0.0721227675351793,3.6964295447935074,3.7609232603770497,3.876616877697928,1.2567528925176923,0.14914874356868243,1.082995987804089,1.2342369556045645,1.4596202241817302,6.010204081632653,0.826782526487945,3.1685663448243218,3.1367727706166644,0.048683317327156375,0.01020408163265306,0.2653061224489796,0.46938775510204084,0.21428571428571427,0.04081632653061224
sim__lam_m0p05__gam_0p07__rep_011__20260601_175845_623976,11,hexagonal_1000_2.dat,I_1000_2,-0.05,0.07,0.6460222448979591,0.2612822753560328,0.4044477994668722,0.3953835,0.5388215000000001,1.0810300000000002,0.9595771968943537,2.987955355862927,0.5466548241325081,0.18295280853500243,2.4378298779357603,2.790505924266151,3.8419186553407316,0.7498363795800772,3.797665888208591,0.08141134442555548,3.7023313795781174,3.7850729583999763,3.8878835518850554,1.2932463942734984,0.18460589418965623,1.1003331873660014,1.2674950380204462,1.5055025886170306,6.010204081632653,0.8805714512744932,3.093457399154887,3.2087418750569108,0.011069183772020688,0.015306122448979591,0.2857142857142857,0.42346938775510207,0.22448979591836735,0.05102040816326531
sim__lam_m0p05__gam_0p07__rep_012__20260601_175902_229339,12,hexagonal_1000_2.dat,I_1000_2,-0.05,0.07,0.6557601734693879,0.2918848305915008,0.4451091151919146,0.39079200000000003,0.5200535,1.139805,1.008062619063716,2.9869201374897014,0.5968990906773479,0.1998376465394218,2.4222933132396127,2.7304160620481075,3.978052643729997,0.823572388473817,3.7836330264915072,0.07408643666543252,3.69950002279957,3.7640234656307956,3.8630851130825787,1.2545955831762692,0.15229647730275783,1.0837861901652202,1.2307094298250074,1.4478528630838623,5.994897959183674,0.9394823204318421,3.2496354330583213,3.157421693790056,-0.03761387146071109,0.02040816326530612,0.29081632653061223,0.42857142857142855,0.21428571428571427,0.030612244897959183
sim__lam_m0p05__gam_0p07__rep_013__20260601_175917_507375,13,hexagonal_1000_2.dat,I_1000_2,-0.05,0.07,0.6588171836734693,0.28663314281254865,0.43507235378089054,0.3898865,0.5335525000000001,1.14876,0.9862785942585429,3.0008810696266854,0.5883277245548412,0.1960516631296668,2.4086151341732234,2.773036012363157,3.995558830985675,0.804653352941178,3.7879341668031214,0.07922664245292978,3.700503994388912,3.7694944538669755,3.88631319446647,1.2691471632405569,0.1744655373389985,1.0776288728797385,1.2385136246287927,1.4898728209929608,5.979591836734694,0.862833394147335,3.2200562884891575,3.1634139356720077,-0.02820651131843394,0.01020408163265306,0.2857142857142857,0.47959183673469385,0.1683673469387755,0.05102040816326531
sim__lam_m0p05__gam_0p07__rep_014__20260601_175932_724612,14,hexagonal_1000_2.dat,I_1000_2,-0.05,0.07,0.6530119948979592,0.2914409348538126,0.44630257503754944,0.393475,0.5240009999999999,1.1378499999999998,1.1169852906736752,2.9763990786177486,0.5875194381890894,0.1973926958953832,2.4114924153122717,2.722450412104692,3.9503553711309025,0.9073387538074836,3.7774038841007624,0.07163799256979603,3.6892112810971875,3.766953296532553,3.8578313873178134,1.2389458298722744,0.1462770626209716,1.072044738051245,1.2064908983156277,1.435197758807914,6.030612244897959,0.9417101425083643,3.1273486384756644,3.1809076697085685,-0.013996510927364715,0.01020408163265306,0.32142857142857145,0.3673469387755102,0.23469387755102042,0.061224489795918366
sim__lam_m0p05__gam_0p07__rep_015__20260601_175949_215047,15,hexagonal_1000_2.dat,I_1000_2,-0.05,0.07,0.6374777397959184,0.2786410421407886,0.4370992502884186,0.393036,0.5215529999999999,1.10724,1.1347874150590036,2.9593885157040063,0.5695065661592073,0.19244062181661045,2.432506998771247,2.7456041010040986,3.9015849689876676,0.8934306250825317,3.799991653345808,0.09738339985136417,3.69759845280219,3.7735813922418577,3.9154229103354807,1.2952560176861887,0.19652287801373833,1.0767449959007234,1.2693665915445962,1.5564539606903596,6.01530612244898,0.9608512425816387,3.0318184184593653,3.116644010086732,0.0032346431389386325,0.04081632653061224,0.2653061224489796,0.39285714285714285,0.24489795918367346,0.05102040816326531
sim__lam_m0p05__gam_0p07__rep_016__20260601_180005_181814,16,hexagonal_1000_2.dat,I_1000_2,-0.05,0.07,0.6185898163265305,0.24811224858243,0.40109332878357584,0.3897295,0.5133540000000001,1.025755,1.0475972219212626,2.9140536801875503,0.5217243318809394,0.1790373099260072,2.395735812846416,2.6974786425901103,3.747417108295498,0.8157004463757044,3.7834149460426882,0.07217553770994871,3.699978187885776,3.7725975324448573,3.8539409735164964,1.2457392004968808,0.14270698599330886,1.0908281567432305,1.2124000886847082,1.4564216640781782,5.979591836734694,0.9089082016997285,3.0796762744298505,3.19635298520964,-0.01827601596055698,0.025510204081632654,0.2857142857142857,0.42857142857142855,0.20918367346938777,0.04591836734693878
sim__lam_m0p05__gam_0p07__rep_017__20260601_180020_473817,17,hexagonal_1000_2.dat,I_1000_2,-0.05,0.07,0.6409781428571429,0.26239734969758427,0.40937019868968655,0.3957065,0.536243,1.0781550000000002,1.0241920955540222,2.9662027039693424,0.5442962266225275,0.1834993360008648,2.416929467010002,2.75637815344762,3.840566050085208,0.8133439779571761,3.7859471589492366,0.07676535060433505,3.6965893076937064,3.764166151227381,3.890756449902991,1.266543215276901,0.17998157604350412,1.0769780526578734,1.2351907209159179,1.4939732372020367,6.005102040816326,0.8892639066723224,3.170329046109963,3.082142640893894,-0.03949243201730639,0.01020408163265306,0.28061224489795916,0.4744897959183674,0.17346938775510204,0.05102040816326531
sim__lam_m0p05__gam_0p07__rep_018__20260601_180036_445064,18,hexagonal_1000_2.dat,I_1000_2,-0.05,0.07,0.643834943877551,0.28548078880732586,0.44340679474082284,0.4058925,0.5198875000000001,1.15446,1.262121419904982,2.962419239640908,0.5724280789080157,0.1932299356039862,2.464846622893071,2.7214681377151226,3.9598816482812436,1.0705875765895387,3.7824298379754073,0.0745035345052427,3.689215940954729,3.7762997434527557,3.8653306797427893,1.2420208823553627,0.15319641790070598,1.0796986747065216,1.2149593795797498,1.4290839086830212,6.0,0.9367769320431429,3.1764187116364306,3.161206347095687,-0.01520639844278448,0.01020408163265306,0.32653061224489793,0.3979591836734694,0.1836734693877551,0.08163265306122448
sim__lam_m0p05__gam_0p07__rep_019__20260601_180052_473965,19,hexagonal_1000_2.dat,I_1000_2,-0.05,0.07,0.644587168367347,0.2613569683065774,0.40546411894632367,0.384858,0.5603225000000001,1.043125,1.095463985941692,2.9780692816060896,0.5393218946888335,0.1810978334250817,2.4138518421971416,2.8290990004946748,3.84701714197692,0.8548208404999432,3.7889936680553618,0.07570420366961589,3.7055640070053917,3.771131662599918,3.8875748594399417,1.2921750502311247,0.17895956491142234,1.096992782228389,1.262845052038725,1.5598192818650385,6.01530612244898,0.8717624700847301,3.10797541957913,3.147613441917614,0.018196041791808424,0.015306122448979591,0.2653061224489796,0.4642857142857143,0.20408163265306123,0.04591836734693878
sim__lam_m0p05__gam_0p07__rep_020__20260601_180107_712252,20,hexagonal_1000_2.dat,I_1000_2,-0.05,0.07,0.6543863571428572,0.28255717947722997,0.4317895328846441,0.37740399999999996,0.5368985,1.1236899999999999,1.0259647964930863,2.996873902728157,0.5809797757417348,0.1938619356699176,2.3857365776300075,2.782478601916113,3.945859975502223,0.810668045287195,3.794924666407473,0.0837568427452356,3.699503860365077,3.7732972320170877,3.9079062517771463,1.3056986022920383,0.19599118360517415,1.1096982630364984,1.2592772701453014,1.5659961532203028,6.020408163265306,0.8745796872333111,3.1694928655612946,3.1132239634707455,0.03182502876153142,0.01020408163265306,0.2755102040816326,0.45918367346938777,0.1989795918367347,0.05102040816326531
sim__lam_m0p05__gam_0p07__rep_021__20260601_180123_462911,21,hexagonal_1000_2.dat,I_1000_2,-0.05,0.07,0.6500950663265306,0.28473156607408445,0.4379845053779121,0.390534,0.51587,1.139505,1.0529437109870323,2.9757636013776017,0.5823811426222114,0.19570813432639872,2.4136835668069674,2.709317752002371,3.9740042031741933,0.870967313077033,3.7816057352844936,0.07765877936717344,3.6941045481308996,3.7619495201174784,3.861718715916714,1.2532132463589427,0.16391265898832605,1.0804710675230622,1.2204602735925403,1.4366056715621431,6.005102040816326,0.8949828922067583,3.2261031492738423,3.12127846034984,0.011602485505608648,0.01020408163265306,0.28061224489795916,0.47959183673469385,0.16326530612244897,0.05612244897959184
sim__lam_m0p05__gam_0p07__rep_022__20260601_180140_040417,22,hexagonal_1000_2.dat,I_1000_2,-0.05,0.07,0.6452536020408164,0.2670517037743257,0.41387092288873284,0.40618,0.530602,1.075585,1.1002339314530638,2.9769593505945355,0.5464419612030309,0.18355707849813807,2.461055774310031,2.755331929311817,3.843340560287464,0.8994752244556806,3.7882992714521144,0.07518814681168529,3.6978859905262995,3.7720538390288056,3.8806692691067113,1.2838950684190606,0.16744202667144123,1.101948427190242,1.25692605211278,1.522489483905399,6.005102040816326,0.9175024271757466,3.065676734177956,3.1688478063770504,0.03329723007546922,0.02040816326530612,0.2857142857142857,0.42857142857142855,0.20408163265306123,0.05612244897959184
sim__lam_m0p05__gam_0p07__rep_023__20260601_180155_221079,23,hexagonal_1000_2.dat,I_1000_2,-0.05,0.07,0.6384794795918367,0.2833052466993007,0.44371864054263205,0.3977915,0.521395,1.1465299999999998,1.2909324001014688,2.9524203300146503,0.5709764062361432,0.19339265497914945,2.4372648617981207,2.7379820323751902,3.9918996046014126,1.0580914259113272,3.7854841969774977,0.07272282079946445,3.690971405850327,3.7795078971617815,3.8707797643484803,1.2672488384507585,0.1512530606102659,1.0952640703250547,1.2354500547557605,1.4923154586099223,5.994897959183674,0.8835079026683733,3.120776051357254,3.17502424723547,0.022418298226575623,0.015306122448979591,0.28061224489795916,0.4642857142857143,0.17346938775510204,0.0663265306122449
sim__lam_m0p05__gam_0p07__rep_024__20260601_180210_805399,24,hexagonal_1000_2.dat,I_1000_2,-0.05,0.07,0.6551381785714285,0.2827964433257383,0.43165923247209115,0.3910805,0.5422549999999999,1.09986,0.9331775847654523,2.9902046045945703,0.5780866812479868,0.19332679789186996,2.432585548545232,2.7621734575424686,3.8704579010385958,0.7412275747406507,3.7877255128246254,0.08470534405045951,3.6979949006558392,3.7633699592868415,3.8946888245304074,1.260660544513507,0.17479603339328362,1.077942785374355,1.219238131563594,1.5058974108238345,5.989795918367347,0.9312587263986011,3.147810860838044,3.232386717411138,0.02145624801826791,0.025510204081632654,0.30612244897959184,0.37244897959183676,0.25,0.04081632653061224
sim__lam_m0p05__gam_0p07__rep_025__20260601_180226_148231,25,hexagonal_1000_2.dat,I_1000_2,-0.05,0.07,0.6300255918367348,0.27176122112123136,0.4313494953887911,0.3915065,0.5235160000000001,1.047885,1.2753712503987709,2.9372246278180647,0.5561056275892298,0.18933030260002515,2.4340224458031665,2.71791085027311,3.828875995889851,1.0344774575362534,3.7868607171033197,0.07994960572747269,3.6974441418831194,3.7691381511563993,3.8953391082140327,1.2668889495784688,0.17235463618110916,1.0774575438649694,1.232685363740882,1.4793701326913935,5.994897959183674,0.8718819018721294,3.143921618754586,3.0615100679686345,0.03517868245144015,0.015306122448979591,0.2857142857142857,0.4336734693877551,0.22448979591836735,0.03571428571428571
sim__lam_m0p05__gam_0p07__rep_026__20260601_180243_510641,26,hexagonal_1000_2.dat,I_1000_2,-0.05,0.07,0.6491544693877551,0.30110125155585815,0.4638360602205752,0.39563550000000003,0.5157375,1.1912500000000001,1.1766477535672135,2.9658002559924337,0.6048505477613624,0.20394176800647681,2.421759532008667,2.704470118096788,4.053645726501104,0.9919599412773852,3.7806509774545374,0.07526457577025578,3.69093250868874,3.7670469963791957,3.8685949178336947,1.247806413435333,0.1486978860425582,1.0834910959314936,1.219098004229258,1.4571232254265543,6.0,0.9422075684480656,3.1902772427612462,3.1377444563446586,0.015859776533472876,0.015306122448979591,0.30612244897959184,0.42346938775510207,0.1836734693877551,0.061224489795918366
sim__lam_m0p05__gam_0p07__rep_027__20260601_180258_779002,27,hexagonal_1000_2.dat,I_1000_2,-0.05,0.07,0.639546443877551,0.2647445210987337,0.41395667763107497,0.38925,0.532105,1.07145,1.0117850326784714,2.9672257207446076,0.5499773009408979,0.1853506786139273,2.41317708290422,2.7435256145850335,3.8556683134592764,0.8043645025656241,3.793916360604856,0.07831060302972664,3.6997337735532647,3.7838539496252017,3.887156780741697,1.2737551460232894,0.18828580933642194,1.077402056328361,1.2211279869020062,1.5323476261907223,5.964285714285714,0.8828005067363054,3.14855341144632,3.147649614364055,-0.01269934112842412,0.015306122448979591,0.29591836734693877,0.45408163265306123,0.18877551020408162,0.03571428571428571
sim__lam_m0p05__gam_0p07__rep_028__20260601_180314_167826,28,hexagonal_1000_2.dat,I_1000_2,-0.05,0.07,0.6387196632653062,0.2847198284654348,0.44576649951470876,0.387034,0.5147665,1.120085,1.2371530653774117,2.954149429436971,0.580077638096309,0.19636028980655496,2.403327816474326,2.7203045934417958,3.9180244720144417,0.9647319971066687,3.7883977770517023,0.08172474690102603,3.6890793186943913,3.782640999429338,3.8682694768467387,1.2550848128868393,0.17503164432076612,1.069716899062453,1.2158627911444642,1.5037239286083706,6.0,0.989743318610787,3.1432939355258256,3.086199312511249,0.017096887707624422,0.02040816326530612,0.30612244897959184,0.41836734693877553,0.18877551020408162,0.04591836734693878
sim__lam_m0p05__gam_0p07__rep_029__20260601_180330_008471,29,hexagonal_1000_2.dat,I_1000_2,-0.05,0.07,0.6508551479591836,0.28376655581377414,0.43599033779346197,0.392178,0.5270865,1.128085,1.0752716499204855,2.98692241115265,0.5818891886801398,0.19481228789448019,2.417823245923589,2.760666175572204,3.935219642935672,0.8577662323798214,3.792813020008738,0.08096744961399827,3.6989535863405174,3.773253330765153,3.8919944180909525,1.2962409737306586,0.19709130030115804,1.077484059198412,1.2545458098244786,1.591364170187068,6.020408163265306,0.8449078181422226,3.147185318292806,3.160099898479985,-0.040983934562531424,0.01020408163265306,0.2602040816326531,0.47959183673469385,0.20408163265306123,0.04081632653061224
