sim_id,replica,init_id,grupo,lambda_cc,gamma,area_mean,area_std,area_cv,area_q10,area_q50,area_q90,area_skew,perimeter_mean,perimeter_std,perimeter_cv,perimeter_q10,perimeter_q50,perimeter_q90,perimeter_skew,shape_mean,shape_std,shape_q10,shape_q50,shape_q90,elongation_mean,elongation_std,elongation_q10,elongation_q50,elongation_q90,neighbors_mean,neighbors_std,center_x_std,center_y_std,xy_corr,frac_neighbors_4,frac_neighbors_5,frac_neighbors_6,frac_neighbors_7,frac_neighbors_8
sim__lam_m0p1__gam_0p05__rep_000__20260531_144612_906110,0,hexagonal_2000_1.dat,"lambda=-0.1, gamma=0.05",-0.1,0.05,0.8080920969387756,0.26921628121143054,0.33315049389908136,0.5757275,0.6730149999999999,1.233645,1.2242314331305166,3.370091898308065,0.4892450359478073,0.14517260974197313,2.9479101011965456,3.1158127935528634,4.155741988610515,1.0952826233148527,3.8024161205495353,0.07761091619196507,3.718913639799414,3.7870109030488806,3.9132303864436233,1.321354802986495,0.20712329620516473,1.1000085157532535,1.2690658239255443,1.5891939259293637,5.989795918367347,0.8329306260058172,3.5010925709233836,3.643377626273669,-0.014187305638247815,0.01020408163265306,0.27040816326530615,0.4846938775510204,0.19387755102040816,0.03571428571428571
sim__lam_m0p1__gam_0p05__rep_001__20260531_144629_755125,1,hexagonal_2000_1.dat,"lambda=-0.1, gamma=0.05",-0.1,0.05,0.832455918367347,0.27456809042547403,0.3298289847751224,0.577333,0.6822325,1.28102,0.8903968510194021,3.429495410274893,0.5161213168383442,0.15049482652517202,2.92580469341602,3.162161534924736,4.267008915676628,0.7682538343738495,3.8119998173698053,0.07490110570800956,3.725242620771611,3.8088454439657475,3.9104185390414132,1.3640302305401943,0.21730929236939941,1.1229717834753332,1.332663774911346,1.6216085465115015,6.0,0.7953949089757174,3.559273393608103,3.55023920982426,-0.010744086251776894,0.00510204081632653,0.24489795918367346,0.5459183673469388,0.15816326530612246,0.04081632653061224
sim__lam_m0p1__gam_0p05__rep_002__20260531_144646_765235,2,hexagonal_2000_1.dat,"lambda=-0.1, gamma=0.05",-0.1,0.05,0.8331191020408162,0.2944601943664826,0.3534430955247776,0.559215,0.695049,1.314285,1.0092036727682119,3.4189293396413576,0.5354602643435573,0.15661635885097583,2.8958579678603544,3.1987189691591507,4.296595181841248,0.8720058396870372,3.807244708910866,0.07727521330686049,3.714494037128425,3.800526189718183,3.8973716651348194,1.3411444606265446,0.19665693476047957,1.097845313797396,1.3203121436934757,1.5947651709046915,5.994897959183674,0.8541462438682279,3.6360585894233255,3.6178100736293946,0.015242921814259217,0.01020408163265306,0.29591836734693877,0.42346938775510207,0.22959183673469388,0.04081632653061224
sim__lam_m0p1__gam_0p05__rep_003__20260531_144704_740421,3,hexagonal_2000_1.dat,"lambda=-0.1, gamma=0.05",-0.1,0.05,0.8144178367346939,0.2877265161499361,0.3532910297043422,0.5782895,0.6692750000000001,1.310525,1.2805088950858958,3.374991737084091,0.5186822084804388,0.153683993587615,2.9334452262962243,3.1270444603812924,4.274432320498329,1.1240578416767255,3.7980284194680203,0.06882946055110993,3.7182926705042654,3.792441729528117,3.8827743293913284,1.302043010853152,0.18968088655461907,1.0936888041780783,1.2621190791551014,1.5862183550279818,5.994897959183674,0.8112565774683316,3.497770585719269,3.592923689609773,0.005368679503539278,0.01020408163265306,0.25510204081632654,0.5102040816326531,0.17857142857142858,0.04591836734693878
sim__lam_m0p1__gam_0p05__rep_004__20260531_144723_619755,4,hexagonal_2000_1.dat,"lambda=-0.1, gamma=0.05",-0.1,0.05,0.8380007091836735,0.2765273529292782,0.32998462876997253,0.5879985,0.6944975,1.31094,1.0051261510911724,3.441118853935891,0.512228004543708,0.14885507484220772,2.9609822060480084,3.179895856103217,4.292052754885097,0.8294666695691808,3.8117080815056807,0.07647710693999041,3.7304156085390945,3.795974673410386,3.9108264780104784,1.3445774183122903,0.22618571458484543,1.094728424620293,1.2974155047018912,1.6672378569584838,5.98469387755102,0.8236122577930742,3.655871271314242,3.628995150689324,0.0397775517450949,0.01020408163265306,0.2602040816326531,0.5153061224489796,0.1683673469387755,0.04081632653061224
sim__lam_m0p1__gam_0p05__rep_005__20260531_144742_630012,5,hexagonal_2000_1.dat,"lambda=-0.1, gamma=0.05",-0.1,0.05,0.8387225663265307,0.2922732790864216,0.34847432371610415,0.5696875,0.6944684999999999,1.3131,0.9255625942391091,3.427090634828679,0.531637162697165,0.15512783855031792,2.9261034308733938,3.1481674850720545,4.270632131774567,0.8008668590593968,3.8028002532744756,0.07528972881799703,3.7200852449131845,3.7965744850690313,3.9067355462584406,1.3068090602513056,0.17197014068921934,1.099326236974629,1.288356138627272,1.5430345933940521,5.994897959183674,0.9006655644441097,3.6529245492588016,3.670519283184537,0.004668807063735235,0.015306122448979591,0.28061224489795916,0.4744897959183674,0.15816326530612246,0.0663265306122449
sim__lam_m0p1__gam_0p05__rep_006__20260531_144759_347165,6,hexagonal_2000_1.dat,"lambda=-0.1, gamma=0.05",-0.1,0.05,0.8551428418367347,0.2888482347619991,0.3377777613635322,0.576283,0.7371300000000001,1.292735,0.8172670527767163,3.4611725562358178,0.5362168353747511,0.15492346211070052,2.9275227616544153,3.2406999225202435,4.320231680131735,0.6950272662920274,3.799246588940252,0.07262220457673696,3.7169640078433406,3.7863576783467967,3.8838753587634782,1.2963600393920909,0.16805396265341102,1.1207097456213164,1.270801613663255,1.5521670400817278,5.989795918367347,0.880571451274493,3.6968087437499606,3.6367213276873613,-0.008053862008133645,0.01020408163265306,0.28061224489795916,0.4846938775510204,0.17346938775510204,0.03571428571428571
sim__lam_m0p1__gam_0p05__rep_007__20260531_144816_857544,7,hexagonal_2000_1.dat,"lambda=-0.1, gamma=0.05",-0.1,0.05,0.823537831632653,0.2867658533675152,0.3482121189243455,0.576381,0.674944,1.305675,1.1668933805728225,3.3981680056824506,0.5181164057939796,0.152469331983418,2.9514727263201834,3.1429684181014013,4.273354511468424,1.010467993342529,3.8026986389828346,0.07685758004468624,3.7157746215981295,3.7820841045842277,3.8906364183113977,1.3095728893092136,0.1900139813277254,1.104671983039627,1.2779156707463752,1.5581891828009717,6.030612244897959,0.9086217599789284,3.6251169114567103,3.5274519470797063,0.019016476855121003,0.015306122448979591,0.2653061224489796,0.45918367346938777,0.21428571428571427,0.025510204081632654
sim__lam_m0p1__gam_0p05__rep_008__20260531_144834_260335,8,hexagonal_2000_1.dat,"lambda=-0.1, gamma=0.05",-0.1,0.05,0.8248741275510203,0.2722234532128554,0.33001817382820964,0.5835165,0.693654,1.27481,1.1576194046228159,3.4094412801588514,0.5018194219972657,0.14718523674756995,2.9543426101131054,3.180609806526661,4.234160352809777,0.9623128957752642,3.805345225612496,0.06856542093356868,3.7250985329569164,3.802437664423035,3.896499012805273,1.3188130783141079,0.18382976757500127,1.1137572980146953,1.2921474788058371,1.5091246130183402,6.0,0.8268454930564446,3.5271856284883802,3.5959368911464975,-0.003874019367540775,0.0,0.29591836734693877,0.4489795918367347,0.2193877551020408,0.030612244897959183
sim__lam_m0p1__gam_0p05__rep_009__20260531_144852_347254,9,hexagonal_2000_1.dat,"lambda=-0.1, gamma=0.05",-0.1,0.05,0.7937417806122449,0.25436500815740387,0.32046317123546336,0.5772984999999999,0.6735745,1.209295,1.2802881470222025,3.3488281795265755,0.46654039673993064,0.13931452189516222,2.941256061424615,3.133586694762312,4.11373730271468,1.1130413154938479,3.807912559123696,0.07490323660809421,3.725069072292576,3.803959264100375,3.9120895372745492,1.3302384365627795,0.21024869264942972,1.0935243149560387,1.2914857624621092,1.6345820489377618,5.994897959183674,0.8237386707876092,3.477529082053914,3.530050087052811,0.011652427267660987,0.01020408163265306,0.2602040816326531,0.5,0.18877551020408162,0.03571428571428571
sim__lam_m0p1__gam_0p05__rep_010__20260531_144910_748000,10,hexagonal_2000_1.dat,"lambda=-0.1, gamma=0.05",-0.1,0.05,0.8143695,0.2819449051466764,0.3462125056824086,0.5818795,0.678326,1.3435,1.3298960396921484,3.387695364962798,0.5068378851237277,0.1496114114526186,2.9498152470578827,3.1475647474056143,4.296589299136995,1.1740342688927106,3.8102168370708434,0.07672770294540371,3.7329957679274033,3.808756266656266,3.9073362754514473,1.3294767782149233,0.2027618214604049,1.094748750175329,1.3121289361311474,1.5845462262595946,5.994897959183674,0.8835079026683733,3.4981807274385384,3.6260960691553317,0.047434613361246984,0.0,0.32142857142857145,0.42346938775510207,0.20408163265306123,0.04081632653061224
sim__lam_m0p1__gam_0p05__rep_011__20260531_144927_671483,11,hexagonal_2000_1.dat,"lambda=-0.1, gamma=0.05",-0.1,0.05,0.8460017244897959,0.28931686080028635,0.3419814078681987,0.5807115,0.7036180000000001,1.303915,0.999932843452262,3.4381873171504647,0.5198884865638654,0.1512100530330013,2.9488754043092102,3.189530151006719,4.253174364562966,0.8198352539695954,3.7957164734786315,0.07431689916132607,3.7020438276658467,3.789533938076177,3.8812094913028012,1.2938561035534153,0.19490574129960825,1.0982355658041654,1.2603765840878145,1.5165687970490722,5.989795918367347,0.874758251842767,3.6405011951724093,3.594717127254512,-0.04662433380801939,0.0,0.32142857142857145,0.4336734693877551,0.17857142857142858,0.0663265306122449
sim__lam_m0p1__gam_0p05__rep_012__20260531_144945_118836,12,hexagonal_2000_1.dat,"lambda=-0.1, gamma=0.05",-0.1,0.05,0.8425509897959184,0.28081449584182416,0.3332908028622807,0.5785165,0.7260154999999999,1.289495,0.9064647282123515,3.443296689041694,0.5131884963061997,0.14903987156821982,2.931235476695943,3.2375144356799064,4.240895161395214,0.752627868259373,3.8076266395913114,0.07971359360102287,3.706492395555026,3.8044176723236296,3.9074132706137004,1.3281653856408997,0.1901739900863235,1.1205659987097483,1.303250546300471,1.5496307282217225,5.974489795918367,0.8889125693893217,3.6422725340846474,3.5701298926877465,-0.002784269365472178,0.02040816326530612,0.29591836734693877,0.42346938775510207,0.20918367346938777,0.05102040816326531
sim__lam_m0p1__gam_0p05__rep_013__20260531_145001_922942,13,hexagonal_2000_1.dat,"lambda=-0.1, gamma=0.05",-0.1,0.05,0.8069721479591838,0.27968068629749954,0.3465803460558828,0.5789949999999999,0.6620170000000001,1.334915,1.2516572401949106,3.3684787198997426,0.5099015473075585,0.15137443033114473,2.9329993253910636,3.0961072836267696,4.283333692886899,1.0517755925367211,3.806214394018163,0.08597492038209231,3.710246581816567,3.805514811018461,3.8897318637285245,1.3080755165996518,0.19615920053994185,1.11101075636244,1.2606274738033156,1.5734751150934527,5.974489795918367,0.9115820766935571,3.6332673250793643,3.5603157608960756,-0.0013487833379154596,0.015306122448979591,0.29591836734693877,0.45918367346938777,0.17346938775510204,0.04081632653061224
sim__lam_m0p1__gam_0p05__rep_014__20260531_145019_145130,14,hexagonal_2000_1.dat,"lambda=-0.1, gamma=0.05",-0.1,0.05,0.8844336428571429,0.2960811882383404,0.3347692510672955,0.576488,0.769429,1.301335,0.6286299113757664,3.527233822288413,0.5487943097927472,0.1555877317587476,2.935706748835778,3.3691241475349862,4.278747612132716,0.4484882926072212,3.8078947252181083,0.07477303298158404,3.718264305009067,3.8128795095465104,3.8964987660838437,1.3298797967947107,0.2056650942688047,1.106008310336188,1.2915190680941921,1.597971613532672,6.005102040816326,0.8360344257363108,3.7267218279590635,3.584924151521479,0.016094488005485862,0.00510204081632653,0.28061224489795916,0.4642857142857143,0.20918367346938777,0.03571428571428571
sim__lam_m0p1__gam_0p05__rep_015__20260531_145038_265413,15,hexagonal_2000_1.dat,"lambda=-0.1, gamma=0.05",-0.1,0.05,0.8371095051020409,0.29157952200318715,0.3483170603436121,0.580426,0.6799364999999999,1.3529149999999999,1.1084286544722854,3.424713805941321,0.5298573957165288,0.15471581736177714,2.9409133061516286,3.1340317865757292,4.289646714290692,0.9088514267412273,3.80089048003987,0.07109895985591194,3.71658475275977,3.7898844175398123,3.8924145693955294,1.3233780439422265,0.17441432426387546,1.1358042211826,1.2963815585234242,1.5446282876347532,6.010204081632653,0.8805714512744932,3.5626775250781115,3.619278930611112,0.016536665169771717,0.015306122448979591,0.2653061224489796,0.47959183673469385,0.17857142857142858,0.05612244897959184
sim__lam_m0p1__gam_0p05__rep_016__20260531_145055_072948,16,hexagonal_2000_1.dat,"lambda=-0.1, gamma=0.05",-0.1,0.05,0.8558388061224491,0.30228724812298735,0.35320582095617714,0.572962,0.698893,1.32761,0.8172694932323418,3.463990785168957,0.5466081564141168,0.15779723166535445,2.924592109752628,3.2053731449663605,4.2768438167323595,0.6341057860252329,3.8081232903702715,0.08187708416615395,3.7069086039348047,3.8120614949306546,3.901249491132824,1.3268503283575246,0.21349258617372316,1.117237033076822,1.2671670307570027,1.6214550899410467,6.005102040816326,0.9556355347631007,3.628718491751768,3.625914384096186,0.039922242433752704,0.01020408163265306,0.336734693877551,0.3622448979591837,0.23469387755102042,0.04081632653061224
sim__lam_m0p1__gam_0p05__rep_017__20260531_145114_197032,17,hexagonal_2000_1.dat,"lambda=-0.1, gamma=0.05",-0.1,0.05,0.8573332295918367,0.29195363101139554,0.34053693585404327,0.5795245,0.7329675,1.347305,0.9354356841670126,3.458187507650666,0.5280640323452906,0.15269965297627264,2.9383468216687447,3.2151180575035445,4.332706954743276,0.7640122794297437,3.7921671345140004,0.07042747180043415,3.711138835146949,3.7773392075526675,3.878149832412995,1.2860673356331596,0.16818474871314365,1.099492441027876,1.2744346101689845,1.507058645994789,5.98469387755102,0.8048135848064731,3.619290084793816,3.6398953701515597,-0.016078255768960232,0.0,0.29081632653061223,0.4744897959183674,0.19387755102040816,0.04081632653061224
sim__lam_m0p1__gam_0p05__rep_018__20260531_145131_320616,18,hexagonal_2000_1.dat,"lambda=-0.1, gamma=0.05",-0.1,0.05,0.8159928061224491,0.26631326918709003,0.3263671777356335,0.5816515,0.6794389999999999,1.253525,1.1186686615969303,3.3836510240744606,0.4851233209430489,0.14337274071447798,2.9411647569040653,3.1344282828172707,4.205276503504749,0.9851678281191473,3.7978887901499605,0.07458172775051569,3.7087178999249852,3.7919512915921008,3.877252174719371,1.3133506952664753,0.19146245411513738,1.0919885848042155,1.2753332041465704,1.5322097662638323,6.01530612244898,0.8359098722065146,3.589092979106559,3.4654972259139045,-0.011083377067985168,0.015306122448979591,0.24489795918367346,0.5,0.18877551020408162,0.05102040816326531
sim__lam_m0p1__gam_0p05__rep_019__20260531_145150_622440,19,hexagonal_2000_1.dat,"lambda=-0.1, gamma=0.05",-0.1,0.05,0.8738166836734695,0.30457115677226204,0.3485526912710293,0.5815980000000001,0.731568,1.3568600000000002,0.7889190222668635,3.495069802253787,0.550620582769943,0.15754208468589645,2.938843572712681,3.265843731929545,4.36591833627924,0.6375303266698714,3.8004205756639555,0.07237916930411731,3.7105701702534315,3.7949921816905205,3.885809185196088,1.3029097929277393,0.17422354745282148,1.0992204004242236,1.2740699298605793,1.5128470699107215,6.01530612244898,0.9118104932916715,3.5855286589352597,3.6695146217487147,-0.030726698102375494,0.02040816326530612,0.29081632653061223,0.39285714285714285,0.25,0.04081632653061224
sim__lam_m0p1__gam_0p05__rep_020__20260531_145207_946953,20,hexagonal_2000_1.dat,"lambda=-0.1, gamma=0.05",-0.1,0.05,0.8262839234693876,0.2840792267184604,0.343803405402503,0.5741035,0.6752695,1.298495,1.033137024721065,3.4086744047736754,0.5192117631728779,0.15232072692117377,2.9307574807127956,3.1320003818353728,4.255180423454119,0.8740843971087977,3.8077121088976598,0.08212673151392008,3.712349721827813,3.806753920945056,3.896513157816911,1.3222067772088395,0.20892228925796802,1.0958142664052275,1.2796107570857282,1.5730541464434158,5.989795918367347,0.8863465250297539,3.6355797933643093,3.5687970553072743,-0.0040380405628244265,0.015306122448979591,0.30612244897959184,0.39285714285714285,0.25,0.030612244897959183
sim__lam_m0p1__gam_0p05__rep_021__20260531_145224_614055,21,hexagonal_2000_1.dat,"lambda=-0.1, gamma=0.05",-0.1,0.05,0.8218125663265307,0.27282798017845566,0.3319832177763524,0.5877865,0.6871915,1.258095,1.1405638131689937,3.390913089615773,0.4988447838462553,0.14711222926171566,2.9564653411800723,3.1441328207399133,4.1990937652786515,1.0085088616091393,3.792645622106855,0.06547656184873173,3.7227140017968,3.777821109126679,3.8816465350866407,1.3019342983446591,0.16339780615367627,1.118832571138355,1.2841100795121867,1.4957046097142048,5.98469387755102,0.7591418410682385,3.599304725759632,3.4885248387214243,0.010213753761198477,0.00510204081632653,0.25510204081632654,0.5153061224489796,0.1989795918367347,0.025510204081632654
sim__lam_m0p1__gam_0p05__rep_022__20260531_145241_561233,22,hexagonal_2000_1.dat,"lambda=-0.1, gamma=0.05",-0.1,0.05,0.8458275765306121,0.30940296691373154,0.36579910078418665,0.5762425,0.6879325000000001,1.39966,1.0094355392383456,3.4354199247136536,0.5632660398277936,0.16395842492954582,2.917373208623094,3.1475005224404757,4.452427469078225,0.8354368013317459,3.799683226768938,0.07946463220415154,3.7090111033761906,3.7891848926044007,3.879112960276575,1.3061356464522031,0.1759330423346815,1.098325563185424,1.2687004289008912,1.5403473286219704,5.989795918367347,0.9146751175119969,3.7157968882004386,3.5382058540291195,0.034655714537478025,0.015306122448979591,0.2857142857142857,0.46938775510204084,0.1683673469387755,0.04591836734693878
sim__lam_m0p1__gam_0p05__rep_023__20260531_145300_862862,23,hexagonal_2000_1.dat,"lambda=-0.1, gamma=0.05",-0.1,0.05,0.8399180510204081,0.30915305420102823,0.3680752590387517,0.5707105,0.68597,1.37608,1.025685185707791,3.4223137055585164,0.5587873818963495,0.16327766241551867,2.9077485341705316,3.150354481172043,4.369721859554014,0.8670181554150452,3.799867909528302,0.07680575907222983,3.7051354028535792,3.792486270532879,3.8937022440208784,1.2931503976622254,0.18152119062069383,1.1015674313207342,1.2537972404630928,1.564672103456258,6.025510204081633,0.9445667643660008,3.6142940563621937,3.5623446772740994,-0.018447178781845514,0.02040816326530612,0.29591836734693877,0.39285714285714285,0.22448979591836735,0.061224489795918366
sim__lam_m0p1__gam_0p05__rep_024__20260531_145318_966234,24,hexagonal_2000_1.dat,"lambda=-0.1, gamma=0.05",-0.1,0.05,0.8353765816326529,0.28233151399816925,0.3379691509259752,0.5840095,0.6974555,1.27503,1.029317358962891,3.429642007409294,0.5104618041978721,0.14883821783583742,2.953883854758484,3.187328863295342,4.258130839916069,0.8554620811010675,3.8095337068513664,0.07990382781235982,3.725488231992543,3.802620626088619,3.901681725107901,1.3037909963773122,0.18818833108623798,1.0937896967496457,1.2604083750726414,1.5447616511584141,6.0,1.0050890913907349,3.596927648238086,3.5689405528371094,-0.0061627362373733955,0.04081632653061224,0.28061224489795916,0.4030612244897959,0.20408163265306123,0.05612244897959184
sim__lam_m0p1__gam_0p05__rep_025__20260531_145337_457552,25,hexagonal_2000_1.dat,"lambda=-0.1, gamma=0.05",-0.1,0.05,0.8395881632653062,0.2713705323164212,0.32321862573751664,0.579717,0.709394,1.282085,0.9543952151270122,3.4285193048354357,0.5010570106495792,0.14614384989542392,2.9393446393878886,3.2361435337387823,4.263809318136641,0.7779415261173136,3.7926631395945476,0.069925022140906,3.7150889320512688,3.778434434630582,3.881718583300838,1.2902102815031404,0.18396280196784606,1.08398672904509,1.2687421615036443,1.4891053041598066,6.035714285714286,0.758455735056975,3.614279313053391,3.627345044926134,0.0008929888730158775,0.0,0.25,0.4846938775510204,0.24489795918367346,0.02040816326530612
sim__lam_m0p1__gam_0p05__rep_026__20260531_145354_456523,26,hexagonal_2000_1.dat,"lambda=-0.1, gamma=0.05",-0.1,0.05,0.830938392857143,0.29417139816735843,0.35402311494539296,0.5693495,0.6717635,1.37218,0.9849682238285301,3.416126435521221,0.5371834918304491,0.157249300331687,2.910747250726949,3.1247510968130614,4.384471776193803,0.86962561943571,3.8093774363800703,0.08015135036998773,3.7173796005196857,3.8117743738583965,3.9099819421472297,1.3338508697316336,0.2004619544996951,1.102120716939743,1.304867878954123,1.632873033879899,5.969387755102041,0.874281998505795,3.6387315298033913,3.561779139931109,-0.020001590796455405,0.01020408163265306,0.29591836734693877,0.46938775510204084,0.17346938775510204,0.04081632653061224
sim__lam_m0p1__gam_0p05__rep_027__20260531_145412_810755,27,hexagonal_2000_1.dat,"lambda=-0.1, gamma=0.05",-0.1,0.05,0.8558388061224491,0.30228724812298735,0.35320582095617714,0.572962,0.698893,1.32761,0.8172694932323418,3.463990785168957,0.5466081564141168,0.15779723166535445,2.924592109752628,3.2053731449663605,4.2768438167323595,0.6341057860252329,3.8081232903702715,0.08187708416615395,3.7069086039348047,3.8120614949306546,3.901249491132824,1.3268503283575246,0.21349258617372316,1.117237033076822,1.2671670307570027,1.6214550899410467,6.005102040816326,0.9556355347631007,3.628718491751768,3.625914384096186,0.039922242433752704,0.01020408163265306,0.336734693877551,0.3622448979591837,0.23469387755102042,0.04081632653061224
sim__lam_m0p1__gam_0p05__rep_028__20260531_145432_912342,28,hexagonal_2000_1.dat,"lambda=-0.1, gamma=0.05",-0.1,0.05,0.8350509489795918,0.3046566396390042,0.3648359899607575,0.576971,0.6739525,1.361475,1.0801880408332263,3.412345144462353,0.5551500968864506,0.1626887297104751,2.9330352117113967,3.1108793236273113,4.386419583039668,0.9606601802806909,3.7965321109281054,0.06852327910020505,3.722694148922608,3.785356369154476,3.8888177003741315,1.313236228290555,0.21155856086649272,1.0788849862204637,1.283789663595813,1.5937908439578194,6.035714285714286,0.7516987564231852,3.6070487326105556,3.550428435395528,0.02084378219520209,0.0,0.23469387755102042,0.5255102040816326,0.20918367346938777,0.030612244897959183
sim__lam_m0p1__gam_0p05__rep_029__20260531_145450_437071,29,hexagonal_2000_1.dat,"lambda=-0.1, gamma=0.05",-0.1,0.05,0.8383797142857143,0.2911225818363131,0.3472443057427714,0.5760085,0.683333,1.3066200000000001,1.032242112710799,3.4308872232816117,0.5340142274890979,0.15564901809222473,2.9237849309387824,3.1758224389068257,4.259577766564735,0.8837169867697555,3.804689957136132,0.06957653813923487,3.722481161114528,3.803108829801997,3.8941542893240975,1.3312309255840997,0.18583745721511172,1.1033808833523415,1.2982150479795294,1.5461201173918098,6.005102040816326,0.8112565774683316,3.6505319755748142,3.5641494063446832,0.03703415451542159,0.0,0.28061224489795916,0.47959183673469385,0.19387755102040816,0.04591836734693878
sim__lam_m0p1__gam_0p08__rep_000__20260531_145508_585546,0,hexagonal_2000_1.dat,"lambda=-0.1, gamma=0.08",-0.1,0.08,0.628477306122449,0.26820125135771655,0.42674771029048897,0.399152,0.50899,1.1244100000000001,1.303293478559886,2.9339469953258965,0.5422407179934841,0.18481612614581958,2.4384252210224,2.6984087813713575,3.9459646290970296,1.070217385839549,3.7845024020500544,0.07030490965382591,3.6925207203186643,3.780661486034159,3.868455843437914,1.2638535469691383,0.17385969902620999,1.0764595675734872,1.2294097517148002,1.4756967146612845,6.01530612244898,0.9229336590146159,3.146021772953467,3.0085156868376157,-0.04757459583922947,0.0,0.32142857142857145,0.42346938775510207,0.18877551020408162,0.05102040816326531
sim__lam_m0p1__gam_0p08__rep_001__20260531_145527_036433,1,hexagonal_2000_1.dat,"lambda=-0.1, gamma=0.08",-0.1,0.08,0.6092983622448979,0.24283596534615373,0.39855016916679503,0.402172,0.5145219999999999,1.01506,1.3866847754618072,2.8985500727753637,0.4965582466879584,0.17131263363421292,2.440000802322398,2.7325249260232383,3.7466688501204644,1.1503147940146188,3.7875664390171364,0.073491552414085,3.7030218910542287,3.772178441428343,3.8755461541694203,1.269262171569436,0.15711998282927955,1.0913157282837131,1.252661829313994,1.4804609680599334,6.0,0.9258200997725514,3.064531317859236,3.066503611467456,0.036298642846052366,0.02040816326530612,0.29591836734693877,0.413265306122449,0.20918367346938777,0.05612244897959184
sim__lam_m0p1__gam_0p08__rep_002__20260531_145543_733987,2,hexagonal_2000_1.dat,"lambda=-0.1, gamma=0.08",-0.1,0.08,0.6458686836734694,0.2759644570993236,0.42727641713375775,0.38367249999999997,0.519773,1.109995,1.0300749748127445,2.9705832006430133,0.5686936761348017,0.19144175999228388,2.4170903785779974,2.7372849111615896,3.913009878014112,0.8071638135834954,3.7842775492071756,0.07707183923558078,3.694399462706226,3.769470026227521,3.8736195338272723,1.2549017592542417,0.1509008243493359,1.0873287936367566,1.2349083015208766,1.4415174696499335,6.020408163265306,0.9089082016997285,3.150548952380665,3.1637292522554956,-0.06189694771747313,0.02040816326530612,0.2602040816326531,0.4744897959183674,0.17346938775510204,0.0663265306122449
sim__lam_m0p1__gam_0p08__rep_003__20260531_145600_741740,3,hexagonal_2000_1.dat,"lambda=-0.1, gamma=0.08",-0.1,0.08,0.6430901632653061,0.273705502110135,0.42560984095910126,0.38520200000000004,0.5355300000000001,1.1028099999999998,1.0682903822805396,2.969067972604453,0.5618852840281033,0.18924635246226137,2.4004251378588526,2.745388956443416,3.924800603076836,0.8657260070392702,3.789576946343535,0.08239983216334422,3.7000188572115773,3.768778411621862,3.8856864473679407,1.2847570504792172,0.19261496894897348,1.0822190247799437,1.248230760715521,1.5439568798835888,6.01530612244898,0.8359098722065146,3.1385068126722073,3.170528558396418,0.006014256443193209,0.0,0.2857142857142857,0.4642857142857143,0.20408163265306123,0.04081632653061224
sim__lam_m0p1__gam_0p08__rep_004__20260531_145617_076186,4,hexagonal_2000_1.dat,"lambda=-0.1, gamma=0.08",-0.1,0.08,0.6436745918367347,0.2848322000591353,0.44250962158677104,0.393951,0.5164725,1.122705,1.232811542810533,2.963536265740897,0.575667532987348,0.19425020697131046,2.4246048798874478,2.7270828136883583,3.950956269260356,1.0253560180268062,3.783036907833881,0.07242614303852758,3.6911514844976248,3.766461304328769,3.8598663384925924,1.2564648060744616,0.16343808910249022,1.0886029320022832,1.2236670501624323,1.4988494590297439,6.0,0.8978432207126096,3.1260494718324505,3.1592648896524675,0.029456431059447355,0.0,0.32653061224489793,0.413265306122449,0.20408163265306123,0.04591836734693878
sim__lam_m0p1__gam_0p08__rep_005__20260531_145635_358942,5,hexagonal_2000_1.dat,"lambda=-0.1, gamma=0.08",-0.1,0.08,0.615179056122449,0.2672645630522347,0.43445003595603926,0.389,0.512957,1.01371,1.4325727300438307,2.9028068751982663,0.5426758034121956,0.18694864203631975,2.399155387354755,2.7018440398415042,3.7280403303869933,1.1788041514372607,3.7867098073552383,0.07360340110685669,3.6956727515222574,3.773361405743366,3.8627030429466256,1.2487158472019027,0.14320001118549783,1.0847280785047664,1.231693435746686,1.4379922573917199,5.989795918367347,0.9529213724249009,3.0608586896142116,3.094844185542512,0.016546294240592646,0.025510204081632654,0.28061224489795916,0.45408163265306123,0.17346938775510204,0.05612244897959184
sim__lam_m0p1__gam_0p08__rep_006__20260531_145652_967841,6,hexagonal_2000_1.dat,"lambda=-0.1, gamma=0.08",-0.1,0.08,0.6331578571428571,0.2833447676032555,0.44751046584403037,0.390404,0.5069675,1.12256,1.2842159695139557,2.9416687416329546,0.5660446951870531,0.1924229901129665,2.4144520070559405,2.6938034776694657,3.910810596242965,1.0334203982152608,3.7909692519195475,0.08733207945350607,3.6866745137577936,3.7743695538673494,3.8882266887591257,1.2756388585977085,0.18630011221305848,1.0905906068004592,1.223133441644587,1.4948186654526217,5.994897959183674,1.0025347924116323,3.146161102736534,3.12635131397931,0.004213578645984755,0.01020408163265306,0.34183673469387754,0.39285714285714285,0.17857142857142858,0.05612244897959184
sim__lam_m0p1__gam_0p08__rep_007__20260531_145708_218092,7,hexagonal_2000_1.dat,"lambda=-0.1, gamma=0.08",-0.1,0.08,0.6525898928571429,0.29684024819844435,0.45486491814694746,0.394814,0.5302830000000001,1.1836600000000002,1.101231745511204,2.982197810663001,0.6013276860163438,0.20163910115756378,2.4219599754888654,2.733335252160608,4.0805738132924265,0.8921280431794183,3.789581192493677,0.0777825548098608,3.693929514433777,3.7783031483813194,3.8828444487176865,1.268950605488474,0.1620132674822063,1.0843076537816376,1.2366169459763428,1.4891032932273758,6.020408163265306,0.9580975179024901,3.2021626989335887,3.163368080852467,0.015565824379907146,0.025510204081632654,0.2857142857142857,0.40816326530612246,0.21428571428571427,0.05612244897959184
sim__lam_m0p1__gam_0p08__rep_008__20260531_145723_506177,8,hexagonal_2000_1.dat,"lambda=-0.1, gamma=0.08",-0.1,0.08,0.6185004438775511,0.25763687607034763,0.41655083455516045,0.395601,0.52367,1.0751,1.3708465100808434,2.915778171406949,0.5253430356768585,0.18017249762974416,2.420504851702594,2.7553176464397016,3.8612191005180287,1.1232422817710883,3.787416839799623,0.07809938199822813,3.7004092949195777,3.766294747755494,3.8753252677956462,1.2769614926462522,0.17661995037286038,1.0790606638786053,1.2389197699241568,1.5471273685839715,6.0,0.8806305718527109,3.110607675257913,3.0409452924425606,-0.01657472636336748,0.01020408163265306,0.2857142857142857,0.46938775510204084,0.16326530612244897,0.07142857142857142
sim__lam_m0p1__gam_0p08__rep_009__20260531_145740_346805,9,hexagonal_2000_1.dat,"lambda=-0.1, gamma=0.08",-0.1,0.08,0.6322446989795918,0.27004267895616546,0.42711734774775084,0.39228549999999995,0.5140335,1.113175,1.1979166280719988,2.9414379412948692,0.5491634476256059,0.1866989746462808,2.4307544030447694,2.7067343630064338,3.875249675431402,1.020941919108605,3.784823895232239,0.0759771914092742,3.695293049477681,3.761362175317211,3.8722737842158637,1.2679429172126884,0.17352614511323985,1.0718114320488104,1.2388423854492878,1.5124214826205107,5.994897959183674,0.8718819018721294,3.183173299930268,3.1307408190053447,0.007144873748155259,0.01020408163265306,0.2857142857142857,0.45918367346938777,0.1989795918367347,0.03571428571428571
sim__lam_m0p1__gam_0p08__rep_010__20260531_145756_330985,10,hexagonal_2000_1.dat,"lambda=-0.1, gamma=0.08",-0.1,0.08,0.6344591734693877,0.2660038718409912,0.41926081765985607,0.39019,0.5391085,1.064775,1.0044399857925879,2.9502450947576717,0.549532624680661,0.1862667700581712,2.41933778610227,2.766741317232432,3.805280599568185,0.8229887217034216,3.7905032137719634,0.08506713519038075,3.6941785323933987,3.766198408808127,3.8857800321271694,1.2648355601854488,0.1746512207071191,1.0844483974454624,1.2117886880133906,1.51389113282375,6.01530612244898,0.9714130293731833,3.164572548527691,3.147528124353592,-0.02351373723950286,0.02040816326530612,0.30612244897959184,0.3979591836734694,0.1989795918367347,0.0663265306122449
sim__lam_m0p1__gam_0p08__rep_011__20260531_145813_552674,11,hexagonal_2000_1.dat,"lambda=-0.1, gamma=0.08",-0.1,0.08,0.6362882193877551,0.2697641387028484,0.4239653202474737,0.3846425,0.5227029999999999,1.072675,0.9991260476685995,2.9480686137261407,0.5607674485337005,0.19021519578024398,2.402502817711282,2.7188413132278137,3.8288553926501985,0.8359669213200861,3.782400315569689,0.07295991176893413,3.6939831481801457,3.7652187223285107,3.878000833552476,1.2629303567823518,0.15755923455002027,1.0873624085031834,1.238591112943117,1.5009969545570283,6.005102040816326,0.8835079026683733,3.2211776304585755,3.0688779257661687,-0.03475693647248809,0.00510204081632653,0.29591836734693877,0.45408163265306123,0.18877551020408162,0.04591836734693878
sim__lam_m0p1__gam_0p08__rep_012__20260531_145830_437805,12,hexagonal_2000_1.dat,"lambda=-0.1, gamma=0.08",-0.1,0.08,0.620916943877551,0.26202493052658393,0.4219967470848001,0.3883215,0.520464,1.074995,1.2681097558876868,2.9211236993917815,0.5381920774327372,0.18424145391193533,2.4040060638595455,2.742246916719435,3.8624768641833573,1.053846642808762,3.789894769972128,0.07401968290533692,3.7003131051249554,3.7801178600464924,3.889186178526508,1.287654611510564,0.17892764027700986,1.0868060071154444,1.2499871667095261,1.5448524034209936,6.020408163265306,0.8861702954773548,3.1709630618468303,3.0646175649084517,0.0031698314859058717,0.01020408163265306,0.3010204081632653,0.3979591836734694,0.23979591836734693,0.05102040816326531
sim__lam_m0p1__gam_0p08__rep_013__20260531_145845_979518,13,hexagonal_2000_1.dat,"lambda=-0.1, gamma=0.08",-0.1,0.08,0.6317750306122448,0.26844502212956367,0.42490603319506354,0.3879075,0.5262045,1.079505,1.0391851479540484,2.9357003003478455,0.5600584617281332,0.19077508070615457,2.4016522411153076,2.738189994325279,3.8724392614479433,0.8712941634044857,3.7799445578051087,0.07566017260343301,3.6943719735821823,3.762851171934139,3.862926605315697,1.2488176503019857,0.14530671949265547,1.0871084757173186,1.2239079937224675,1.4236576251136237,5.98469387755102,0.8658901331090318,3.0873165946524836,3.1481456786651636,-0.05841992418034506,0.02040816326530612,0.27040816326530615,0.4642857142857143,0.19387755102040816,0.05102040816326531
sim__lam_m0p1__gam_0p08__rep_014__20260531_145902_520234,14,hexagonal_2000_1.dat,"lambda=-0.1, gamma=0.08",-0.1,0.08,0.6184415459183674,0.25802557327725095,0.41721901605700407,0.39209099999999997,0.5146854999999999,1.1029300000000002,1.2202773745728737,2.906937192780164,0.5318469537750103,0.1829578413650467,2.4081066913703943,2.6934120650302136,3.889055751483175,1.0609750726046479,3.7773800588181725,0.07002168841876777,3.6951794938372444,3.7601467591982733,3.8636892265168687,1.2483553410323953,0.1383928404752279,1.0962009360956748,1.216352610348327,1.4477794865202727,5.989795918367347,0.82058836481706,3.1233961059601225,3.030238784729668,0.03897518425774647,0.01020408163265306,0.2857142857142857,0.4336734693877551,0.24489795918367346,0.025510204081632654
sim__lam_m0p1__gam_0p08__rep_015__20260531_145918_257153,15,hexagonal_2000_1.dat,"lambda=-0.1, gamma=0.08",-0.1,0.08,0.6479649183673469,0.28207088318699486,0.43531814021241005,0.3906135,0.5290035,1.1152449999999998,1.1058022419640134,2.9725182553714107,0.5752499669307825,0.1935227700926979,2.42300229563305,2.7398175465627714,3.910707478275457,0.877950952111008,3.782469695942943,0.07423312760698483,3.696775526389302,3.7643602410572186,3.8748754296244865,1.2672860216835142,0.15289556546065844,1.0903108094979377,1.2332732596891547,1.4743611350181554,6.01530612244898,0.877595513822218,3.143946705792649,3.178399553331987,-0.03643665551614259,0.01020408163265306,0.28061224489795916,0.45408163265306123,0.1989795918367347,0.05102040816326531
sim__lam_m0p1__gam_0p08__rep_016__20260531_145934_826630,16,hexagonal_2000_1.dat,"lambda=-0.1, gamma=0.08",-0.1,0.08,0.6400215765306122,0.28537868177722636,0.4458891578683064,0.383586,0.509059,1.10435,0.9139055280189138,2.950158813241866,0.5958632116561884,0.20197665596219383,2.3814320642837994,2.696354527700486,3.9031686474830343,0.7304848201500609,3.7852240509557666,0.07857388659690329,3.6964601964334873,3.7721903906574923,3.865249737840096,1.2472920160960275,0.1570982208869155,1.0603288313811456,1.217576203346162,1.449599065110069,6.01530612244898,0.917388934590697,3.1152625697397553,3.192078776618942,-0.0016343983651636075,0.04081632653061224,0.22448979591836735,0.47959183673469385,0.18877551020408162,0.0663265306122449
sim__lam_m0p1__gam_0p08__rep_017__20260531_145952_627936,17,hexagonal_2000_1.dat,"lambda=-0.1, gamma=0.08",-0.1,0.08,0.6537689948979594,0.2831254338828499,0.4330664746905093,0.381834,0.5208715,1.11012,0.8937570075570289,2.986036651180962,0.5845521042763631,0.1957618651616282,2.4042554915190815,2.732283470768629,3.907316560775646,0.7009545230167374,3.786084307744757,0.07732757236855697,3.6967894719402263,3.7685245287485323,3.874840583228773,1.2681464011155117,0.16266777332201712,1.0822025064513705,1.2443139375921506,1.4874899508673602,6.025510204081633,0.8946338008654594,3.2567677566754836,3.1147475431327596,0.04709073670719871,0.015306122448979591,0.2857142857142857,0.40816326530612246,0.24489795918367346,0.04081632653061224
sim__lam_m0p1__gam_0p08__rep_018__20260531_150008_299897,18,hexagonal_2000_1.dat,"lambda=-0.1, gamma=0.08",-0.1,0.08,0.6240083520408163,0.27278131975348424,0.43714369985740914,0.381834,0.5137735,1.05335,1.2998198229988236,2.9183069451762327,0.5554066686777268,0.19031811221762904,2.3751308255002757,2.711692021773753,3.8073602117025116,1.051486547466286,3.7828073764912276,0.07760677831897304,3.6931037024445277,3.7652109677691703,3.8766870467835997,1.258089585482068,0.15858970565132421,1.0998724388174037,1.2208929317324988,1.446251969854882,6.010204081632653,0.9312587263986011,3.00735530584029,3.174799718993728,-0.05230252825231205,0.025510204081632654,0.2653061224489796,0.4642857142857143,0.1683673469387755,0.07142857142857142
sim__lam_m0p1__gam_0p08__rep_019__20260531_150024_126624,19,hexagonal_2000_1.dat,"lambda=-0.1, gamma=0.08",-0.1,0.08,0.6239569336734694,0.2618154285877991,0.41960496703830746,0.388183,0.50455,1.035675,1.142099002142751,2.9191060324271616,0.5412985617732695,0.18543299070332442,2.398212927802592,2.6904966550584755,3.7733541764423557,0.9340124489638967,3.779024719682093,0.07349622849542313,3.6863866319963208,3.7635043678574682,3.8601720575237284,1.2517055380873663,0.1675813011473554,1.0691731353133498,1.221542873952293,1.4773487221500536,6.020408163265306,0.8745796872333111,3.0263126596447694,3.112252799946837,-0.024116178086124863,0.00510204081632653,0.29591836734693877,0.4336734693877551,0.20408163265306123,0.061224489795918366
sim__lam_m0p1__gam_0p08__rep_020__20260531_150041_337390,20,hexagonal_2000_1.dat,"lambda=-0.1, gamma=0.08",-0.1,0.08,0.617710943877551,0.25628808513239254,0.414899699725543,0.3887885,0.5163530000000001,1.021205,1.2383346445238552,2.9219868331810352,0.5309576270260061,0.18171116344415378,2.423161250822959,2.724168260558907,3.773003575229254,1.0217686515240152,3.798615071766401,0.07471358043751218,3.7118854577605545,3.7869702342356577,3.8895773986337154,1.3014056826913936,0.17057198394526632,1.1033522896834183,1.289310229457043,1.5450062937944642,6.0,0.9313146293146641,3.123405313675073,3.122082997745158,0.0042888035293364565,0.01020408163265306,0.3163265306122449,0.40816326530612246,0.20918367346938777,0.04081632653061224
sim__lam_m0p1__gam_0p08__rep_021__20260531_150056_746101,21,hexagonal_2000_1.dat,"lambda=-0.1, gamma=0.08",-0.1,0.08,0.6526585204081633,0.278391238719248,0.42654961210759884,0.387891,0.527542,1.107665,0.9646639726139319,2.9808815936694,0.5684021295920236,0.19068255874334894,2.417114824327343,2.7246370054890976,3.9024293502252565,0.7823415986982397,3.7789643235816786,0.08175654673548291,3.6873239531157287,3.7567102871667513,3.886504022662006,1.2484339991799742,0.16700727322252426,1.0791661679919413,1.2073374292422154,1.4839209977130992,6.010204081632653,0.8689061615239939,3.0972873324416517,3.156528081435279,-0.004069202265329942,0.015306122448979591,0.27040816326530615,0.45918367346938777,0.1989795918367347,0.05612244897959184
sim__lam_m0p1__gam_0p08__rep_022__20260531_150114_882100,22,hexagonal_2000_1.dat,"lambda=-0.1, gamma=0.08",-0.1,0.08,0.6394687959183674,0.28908952071643895,0.45207760341271,0.396409,0.5087505,1.130725,1.205622474932006,2.9559106131836668,0.5860830324002645,0.19827495113894017,2.4315567579900943,2.7015985477982487,3.9402569545999793,0.9826212452427843,3.7912458072775994,0.0747492258594091,3.6954947328506926,3.7855075802495683,3.8775162993748253,1.283958941202476,0.16116690576989823,1.102558059230926,1.2527568469264687,1.515326365788687,6.005102040816326,0.9556355347631007,3.1570194607477573,3.0874012499798082,-0.014434377625482636,0.015306122448979591,0.29591836734693877,0.44387755102040816,0.1836734693877551,0.03571428571428571
sim__lam_m0p1__gam_0p08__rep_023__20260531_150130_205229,23,hexagonal_2000_1.dat,"lambda=-0.1, gamma=0.08",-0.1,0.08,0.6394687959183674,0.28908952071643895,0.45207760341271,0.396409,0.5087505,1.130725,1.205622474932006,2.9559106131836668,0.5860830324002645,0.19827495113894017,2.4315567579900943,2.7015985477982487,3.9402569545999793,0.9826212452427843,3.7912458072775994,0.0747492258594091,3.6954947328506926,3.7855075802495683,3.8775162993748253,1.283958941202476,0.16116690576989823,1.102558059230926,1.2527568469264687,1.515326365788687,6.005102040816326,0.9556355347631007,3.1570194607477573,3.0874012499798082,-0.014434377625482636,0.015306122448979591,0.29591836734693877,0.44387755102040816,0.1836734693877551,0.03571428571428571
sim__lam_m0p1__gam_0p08__rep_024__20260531_150147_240732,24,hexagonal_2000_1.dat,"lambda=-0.1, gamma=0.08",-0.1,0.08,0.6186779132653062,0.26569252822973743,0.4294520986324134,0.38107749999999996,0.513245,1.01797,1.228411032926363,2.9127436104115003,0.5445641622351239,0.18695918181346666,2.39017761109604,2.701186715048928,3.7723380518750123,1.0351845705246905,3.790818010701651,0.0815228310566597,3.6945801793244204,3.7733374831950286,3.895952917180794,1.2799435880858927,0.16435746946247023,1.092479443603997,1.2711172797345096,1.5058248328984005,6.025510204081633,0.9391497701177396,3.078784785165627,3.1686676787759267,-0.0309593428608898,0.02040816326530612,0.2755102040816326,0.44387755102040816,0.18877551020408162,0.061224489795918366
sim__lam_m0p1__gam_0p08__rep_025__20260531_150203_472309,25,hexagonal_2000_1.dat,"lambda=-0.1, gamma=0.08",-0.1,0.08,0.6184415459183674,0.25802557327725095,0.41721901605700407,0.39209099999999997,0.5146854999999999,1.1029300000000002,1.2202773745728737,2.906937192780164,0.5318469537750103,0.1829578413650467,2.4081066913703943,2.6934120650302136,3.889055751483175,1.0609750726046479,3.7773800588181725,0.07002168841876777,3.6951794938372444,3.7601467591982733,3.8636892265168687,1.2483553410323953,0.1383928404752279,1.0962009360956748,1.216352610348327,1.4477794865202727,5.989795918367347,0.82058836481706,3.1233961059601225,3.030238784729668,0.03897518425774647,0.01020408163265306,0.2857142857142857,0.4336734693877551,0.24489795918367346,0.025510204081632654
sim__lam_m0p1__gam_0p08__rep_026__20260531_150222_649215,26,hexagonal_2000_1.dat,"lambda=-0.1, gamma=0.08",-0.1,0.08,0.6245756581632653,0.2645991519524575,0.42364627646578423,0.40451349999999997,0.514668,1.0781100000000001,1.3247332103543445,2.9281540309526344,0.5340639520979341,0.18238929593604794,2.4455963966463745,2.722208976118619,3.8562312581588767,1.0790289493028375,3.7883869313481138,0.08622393159259605,3.6880063272996773,3.7755867947492567,3.872874462281981,1.2736283070077459,0.18518912648012592,1.0812262749703923,1.230715485951452,1.511617435384852,6.0,0.9258200997725514,3.1049877915666944,3.068266291031732,-0.026877850567124016,0.01020408163265306,0.30612244897959184,0.44387755102040816,0.15816326530612246,0.07653061224489796
sim__lam_m0p1__gam_0p08__rep_027__20260531_150239_023388,27,hexagonal_2000_1.dat,"lambda=-0.1, gamma=0.08",-0.1,0.08,0.638666056122449,0.2855157726228632,0.44705017573013983,0.37601850000000003,0.5142264999999999,1.1097000000000001,1.016017333199966,2.9445084249338045,0.5875285962251432,0.19953367810049716,2.373013785853594,2.6987599314140596,3.89502374434621,0.8250061075491322,3.779885054582431,0.07131403160123238,3.6892983409886138,3.7652758143367437,3.873450327597169,1.2604463306661464,0.16279874496286653,1.0766172823724798,1.2310959473284058,1.4818214288320513,6.020408163265306,0.8628333941473347,3.113846929030054,3.1334371217991315,-0.03707782154523642,0.0,0.30612244897959184,0.41836734693877553,0.22959183673469388,0.04081632653061224
sim__lam_m0p1__gam_0p08__rep_028__20260531_150254_720777,28,hexagonal_2000_1.dat,"lambda=-0.1, gamma=0.08",-0.1,0.08,0.625967801020408,0.2803062290821073,0.4477965617795744,0.3973005,0.5128635,1.14404,1.3725951625341297,2.927957135138602,0.5617845811556326,0.19186912759528746,2.4229794731438745,2.7026421866943995,3.954157885692556,1.1453910879689015,3.791472819051262,0.08686895811417625,3.69148815044466,3.77295663528189,3.884480293853363,1.2763284808213227,0.1920546295070889,1.0677564200255185,1.2398834154418983,1.5165788737475405,5.994897959183674,0.9394823204318421,3.0197466832754065,3.168014415027916,0.014743698646985519,0.0,0.33163265306122447,0.4387755102040816,0.14795918367346939,0.0663265306122449
sim__lam_m0p1__gam_0p08__rep_029__20260531_150312_314455,29,hexagonal_2000_1.dat,"lambda=-0.1, gamma=0.08",-0.1,0.08,0.6394687959183674,0.28908952071643895,0.45207760341271,0.396409,0.5087505,1.130725,1.205622474932006,2.9559106131836668,0.5860830324002645,0.19827495113894017,2.4315567579900943,2.7015985477982487,3.9402569545999793,0.9826212452427843,3.7912458072775994,0.0747492258594091,3.6954947328506926,3.7855075802495683,3.8775162993748253,1.283958941202476,0.16116690576989823,1.102558059230926,1.2527568469264687,1.515326365788687,6.005102040816326,0.9556355347631007,3.1570194607477573,3.0874012499798082,-0.014434377625482636,0.015306122448979591,0.29591836734693877,0.44387755102040816,0.1836734693877551,0.03571428571428571
sim__lam_0__gam_0p05__rep_000__20260531_150327_974608,0,hexagonal_2000_1.dat,"lambda=0, gamma=0.05",0.0,0.05,0.725425025510204,0.28516728846836975,0.3931037370366614,0.46559649999999997,0.5825845000000001,1.182035,1.0947150807482893,3.1659822479165243,0.5590210947211447,0.1765711399957627,2.6332827495593687,2.892130410374336,4.079438752953774,0.8935228349512854,3.7886452961646735,0.06357557351614422,3.714694347477194,3.777389058067418,3.869161547869587,1.2910493002403656,0.1799040908430526,1.0767376515884695,1.2668976859970265,1.533387142273102,5.98469387755102,0.8111282191624819,3.3908750675490094,3.4135628483813982,-0.0711048539910659,0.0,0.2755102040816326,0.5153061224489796,0.1683673469387755,0.030612244897959183
sim__lam_0__gam_0p05__rep_001__20260531_150347_013880,1,hexagonal_2000_1.dat,"lambda=0, gamma=0.05",0.0,0.05,0.7462038112244899,0.3103236440783088,0.41586981922360405,0.4380455,0.5962559999999999,1.2398250000000002,0.7000527031488364,3.219330187167907,0.6214894900696898,0.19304931583182225,2.5664325024362635,2.9703229719816173,4.150926856224045,0.5375585052545837,3.8145168596676133,0.08202831741410738,3.724814189782368,3.8148886731247256,3.908163205478105,1.3640218374258393,0.20582855056550808,1.1336298659457555,1.3191966285203733,1.650165258850306,5.994897959183674,0.9063126064488345,3.484459368554654,3.31115680658574,-0.04528362470327803,0.02040816326530612,0.27040816326530615,0.4642857142857143,0.1989795918367347,0.03571428571428571
sim__lam_0__gam_0p05__rep_002__20260531_150403_435838,2,hexagonal_2000_1.dat,"lambda=0, gamma=0.05",0.0,0.05,0.7153458163265307,0.29040230608428075,0.4059607248074212,0.451293,0.583527,1.20411,1.1783513576830362,3.147501483499896,0.5627446108675033,0.17879089614965804,2.599722432984956,2.8986073224726017,4.098096326824722,0.9852259422072617,3.798894500847954,0.07379983451923484,3.7090531805282083,3.7976019575735376,3.8780319809468233,1.2961550038658154,0.17597878486931548,1.0922327345773768,1.2725247212960278,1.5495857905692902,5.974489795918367,0.9059678807310361,3.391487344403608,3.306942510497683,0.027343180749180965,0.01020408163265306,0.32142857142857145,0.41836734693877553,0.18877551020408162,0.05612244897959184
sim__lam_0__gam_0p05__rep_003__20260531_150421_569216,3,hexagonal_2000_1.dat,"lambda=0, gamma=0.05",0.0,0.05,0.7240814285714285,0.29019988112444645,0.400783488808149,0.4630685,0.5963609999999999,1.188415,1.1415112793314433,3.168218741703435,0.5650594197287498,0.1783524010797183,2.6181410567805266,2.9297917179516952,4.079814435228142,0.9121082415295023,3.7992330113859376,0.08274807888368677,3.705794331971039,3.778859092196072,3.9037041127005896,1.30436834373928,0.20216216001188023,1.0904273285795818,1.2627555959902679,1.5428428990328371,6.010204081632653,0.8390336759457845,3.3343422365049986,3.4232862937795474,0.007097796914243913,0.025510204081632654,0.23979591836734693,0.4642857142857143,0.23979591836734693,0.030612244897959183
sim__lam_0__gam_0p05__rep_004__20260531_150439_052992,4,hexagonal_2000_1.dat,"lambda=0, gamma=0.05",0.0,0.05,0.7223014846938773,0.27778182568213633,0.3845787826387759,0.457829,0.596186,1.16513,0.8859490121217867,3.167411369293461,0.5610893118374414,0.17714443954983455,2.6197039363400276,2.915606049906481,4.02952309441092,0.6814412553100959,3.7989810823963803,0.07791856350208654,3.71329097636293,3.7888628857708126,3.905134177515502,1.3043545337841587,0.189371904635751,1.0923227691416983,1.2624158924527755,1.557084259498121,5.994897959183674,0.8360344257363108,3.303571305251288,3.4731858248683714,-0.007194905692773583,0.015306122448979591,0.25510204081632654,0.49489795918367346,0.19387755102040816,0.03571428571428571
sim__lam_0__gam_0p05__rep_005__20260531_150455_603966,5,hexagonal_2000_1.dat,"lambda=0, gamma=0.05",0.0,0.05,0.7446780918367347,0.30217646598176084,0.40578132926677407,0.4594415,0.5992575,1.24807,0.8674773911856174,3.214713655044312,0.5914587827574508,0.18398490385891433,2.6409380104626665,2.9457027143360195,4.170001688702611,0.7190042116156075,3.8076917244902577,0.09557865309357659,3.7098397885108114,3.803055200957231,3.906731566150935,1.3174246129675506,0.2292577081098473,1.081931192804836,1.2820288431446427,1.577761596603052,5.98469387755102,0.922933659014616,3.450888578195959,3.3217456789762583,0.03735171287189004,0.025510204081632654,0.2857142857142857,0.4336734693877551,0.19387755102040816,0.05612244897959184
sim__lam_0__gam_0p05__rep_006__20260531_150512_516388,6,hexagonal_2000_1.dat,"lambda=0, gamma=0.05",0.0,0.05,0.7290878724489797,0.3084911292427687,0.4231192712150528,0.4456265,0.5787615,1.249215,0.9658698712435848,3.165614235935268,0.6073888446729622,0.19187077116909657,2.583750343231511,2.864500586563687,4.167692611564718,0.7554535151683444,3.792996813466545,0.07667179096604851,3.7002935176927156,3.78353210582872,3.8841574176811955,1.2808932771534831,0.1792562425113886,1.0789920737091916,1.2571017291851247,1.5125594223991368,6.01530612244898,0.9501720618421554,3.3405983418457157,3.369228896481253,-0.021692132282131245,0.025510204081632654,0.2653061224489796,0.45918367346938777,0.1836734693877551,0.05612244897959184
sim__lam_0__gam_0p05__rep_007__20260531_150531_212307,7,hexagonal_2000_1.dat,"lambda=0, gamma=0.05",0.0,0.05,0.7099530102040817,0.2640111009963134,0.371871232604605,0.47083450000000004,0.6104375,1.1400299999999999,1.2315924583576365,3.141357936951561,0.5172277325698079,0.16465100219415676,2.6382093348878204,2.9277000350745723,3.9767072496195857,0.993416480679427,3.792736828139052,0.06970082257673697,3.7020094975039584,3.7861547517907526,3.878465066533494,1.292101143427544,0.17837549538139422,1.1026340122184828,1.2591169285319317,1.5056114035900663,5.989795918367347,0.8511084963953782,3.360335931320768,3.3371276578414446,0.03367459620371383,0.00510204081632653,0.3112244897959184,0.413265306122449,0.22959183673469388,0.04081632653061224
sim__lam_0__gam_0p05__rep_008__20260531_150547_639695,8,hexagonal_2000_1.dat,"lambda=0, gamma=0.05",0.0,0.05,0.6944749642857143,0.2591306367106071,0.37313171825676483,0.46842649999999997,0.5840795000000001,1.1412149999999999,1.1608321580011263,3.1092071427756265,0.5222272010522577,0.16796153394459634,2.6260974479340264,2.908648317157394,3.991749659607607,0.928627625546542,3.7963897830290834,0.07567679924659126,3.7135957814226233,3.782045785363182,3.8837201257923333,1.2861999648020521,0.16552078756964964,1.0954279750177989,1.2661402258922276,1.4867109634914297,6.0,0.9035079029052513,3.3711466243225647,3.277903278664549,-0.006941491841374493,0.025510204081632654,0.2653061224489796,0.44387755102040816,0.22448979591836735,0.03571428571428571
sim__lam_0__gam_0p05__rep_009__20260531_150605_779532,9,hexagonal_2000_1.dat,"lambda=0, gamma=0.05",0.0,0.05,0.7443708367346938,0.32435476932417795,0.43574352099361957,0.4492435,0.598865,1.318675,0.9860635603512405,3.2068641804949096,0.6252963261619118,0.19498684414667536,2.5995086053349006,2.9334103925454693,4.2948783453745225,0.8086727118942743,3.809683979412293,0.09561633609957536,3.7035662550901516,3.793781222504802,3.911575747314167,1.327000560991842,0.22468672345343355,1.0966137558172169,1.2695754451187184,1.645414414795196,6.010204081632653,0.9475521412521338,3.366270683845649,3.459647328435246,0.04622271143162626,0.015306122448979591,0.30612244897959184,0.4030612244897959,0.2193877551020408,0.04591836734693878
sim__lam_0__gam_0p05__rep_010__20260531_150622_063881,10,hexagonal_2000_1.dat,"lambda=0, gamma=0.05",0.0,0.05,0.7083078673469388,0.28231498714293046,0.39857666441003986,0.453206,0.5819205000000001,1.20105,1.1065914807836488,3.1310835641654835,0.5558438630077462,0.17752444213532698,2.612375819658904,2.8570740201826483,4.080818461691754,0.9081073166928818,3.794932899867257,0.07019907971660051,3.7118764571978176,3.7864350572032937,3.8812156597512737,1.2878183296324388,0.1830327560983636,1.0924075097126131,1.2563442434428964,1.528266088463917,5.98469387755102,0.8359098722065146,3.3355749264004366,3.3653646957813685,0.0055411553562443915,0.0,0.3163265306122449,0.41836734693877553,0.23469387755102042,0.025510204081632654
sim__lam_0__gam_0p05__rep_011__20260531_150639_977995,11,hexagonal_2000_1.dat,"lambda=0, gamma=0.05",0.0,0.05,0.7273053163265307,0.2921383544585632,0.40167223846745975,0.457921,0.6089169999999999,1.251325,1.1343635845757893,3.187227197725609,0.5650056827633166,0.17727185660511585,2.6446624255206532,2.9732168989481114,4.177314520091627,0.9120876524620226,3.8151738924884984,0.08705890763897879,3.721036515225663,3.8016843099384214,3.9218484004269007,1.3336374069568646,0.20905987956634023,1.1071689140997254,1.3003383770525927,1.5868756464001106,5.989795918367347,0.9688505493222966,3.3674172737193158,3.4043017304842875,0.0371567307320426,0.030612244897959183,0.2755102040816326,0.45408163265306123,0.17346938775510204,0.04591836734693878
sim__lam_0__gam_0p05__rep_012__20260531_150656_323675,12,hexagonal_2000_1.dat,"lambda=0, gamma=0.05",0.0,0.05,0.7201911275510204,0.2981467855388894,0.4139828638993527,0.470244,0.5761050000000001,1.198725,1.191930953815205,3.1547206430382984,0.5779007946561202,0.183186044042037,2.630955160799382,2.87611384992866,4.109633378631814,0.994245829847919,3.796533996362082,0.07797500274978753,3.7069557085390317,3.781025528145653,3.882096315794728,1.2953238443702146,0.18210517666847748,1.0833543722098415,1.2652243171227555,1.5384574612074666,5.979591836734694,0.9200664554163144,3.345680895205903,3.304063201192112,-0.02523188127059503,0.02040816326530612,0.2857142857142857,0.45408163265306123,0.18877551020408162,0.04081632653061224
sim__lam_0__gam_0p05__rep_013__20260531_150712_997684,13,hexagonal_2000_1.dat,"lambda=0, gamma=0.05",0.0,0.05,0.7529029948979592,0.30400066207447535,0.40377135452260055,0.4658695,0.613945,1.25927,0.8795640948142485,3.2325228327958695,0.6020168660832349,0.1862374675207949,2.6222121157769704,2.971631549244387,4.238352430498498,0.6943678247867081,3.8039479785672903,0.07793971660682646,3.7144414934857113,3.7940614206132017,3.9102501746207254,1.3203504467400788,0.21728872266924495,1.078870657051205,1.272690487711143,1.5991366523112671,5.989795918367347,0.8511084963953784,3.3791746344198987,3.4244289391693936,-0.015998179984629265,0.015306122448979591,0.2602040816326531,0.49489795918367346,0.18877551020408162,0.030612244897959183
sim__lam_0__gam_0p05__rep_014__20260531_150730_777555,14,hexagonal_2000_1.dat,"lambda=0, gamma=0.05",0.0,0.05,0.750209974489796,0.30832337746041294,0.4109827754152256,0.443656,0.6210495,1.25746,0.8957223244262202,3.2176824511734896,0.6024652069104648,0.18723575618549876,2.585088693041988,2.9554427396567977,4.180455744156731,0.6756780001239548,3.7978790378488707,0.07632408219712183,3.7094035270436563,3.7975701961996076,3.8789129756228737,1.2949037619792176,0.19651769401113023,1.0834689890520375,1.2554473610229842,1.517955592248755,6.010204081632653,0.9367213551137807,3.390318918578625,3.4076702820141405,-0.02169948783184314,0.01020408163265306,0.30612244897959184,0.4336734693877551,0.17346938775510204,0.0663265306122449
sim__lam_0__gam_0p05__rep_015__20260531_150748_716829,15,hexagonal_2000_1.dat,"lambda=0, gamma=0.05",0.0,0.05,0.7676148214285713,0.3238582186552863,0.4219019873172164,0.4471155,0.624174,1.33596,0.7837424259383816,3.251263056858052,0.6234209212475963,0.1917473026159454,2.5987152294908187,2.991151860824213,4.252624455492603,0.6047859223207891,3.8018432063623475,0.08689212552066577,3.695995636084156,3.787723449465173,3.9024181599251904,1.3019527716220152,0.18480701334692368,1.1006460965706006,1.2645344142210408,1.5641447691517383,6.020408163265306,1.0348971341639266,3.410766016637471,3.5139165121528073,-0.00404169999978031,0.04081632653061224,0.28061224489795916,0.413265306122449,0.15306122448979592,0.10714285714285714
sim__lam_0__gam_0p05__rep_016__20260531_150805_522378,16,hexagonal_2000_1.dat,"lambda=0, gamma=0.05",0.0,0.05,0.7201911275510204,0.2981467855388894,0.4139828638993527,0.470244,0.5761050000000001,1.198725,1.191930953815205,3.1547206430382984,0.5779007946561202,0.183186044042037,2.630955160799382,2.87611384992866,4.109633378631814,0.994245829847919,3.796533996362082,0.07797500274978753,3.7069557085390317,3.781025528145653,3.882096315794728,1.2953238443702146,0.18210517666847748,1.0833543722098415,1.2652243171227555,1.5384574612074666,5.979591836734694,0.9200664554163144,3.345680895205903,3.304063201192112,-0.02523188127059503,0.02040816326530612,0.2857142857142857,0.45408163265306123,0.18877551020408162,0.04081632653061224
sim__lam_0__gam_0p05__rep_017__20260531_150825_666859,17,hexagonal_2000_1.dat,"lambda=0, gamma=0.05",0.0,0.05,0.7223014846938773,0.27778182568213633,0.3845787826387759,0.457829,0.596186,1.16513,0.8859490121217867,3.167411369293461,0.5610893118374414,0.17714443954983455,2.6197039363400276,2.915606049906481,4.02952309441092,0.6814412553100959,3.7989810823963803,0.07791856350208654,3.71329097636293,3.7888628857708126,3.905134177515502,1.3043545337841587,0.189371904635751,1.0923227691416983,1.2624158924527755,1.557084259498121,5.994897959183674,0.8360344257363108,3.303571305251288,3.4731858248683714,-0.007194905692773583,0.015306122448979591,0.25510204081632654,0.49489795918367346,0.19387755102040816,0.03571428571428571
sim__lam_0__gam_0p05__rep_018__20260531_150843_637511,18,hexagonal_2000_1.dat,"lambda=0, gamma=0.05",0.0,0.05,0.7223014846938773,0.27778182568213633,0.3845787826387759,0.457829,0.596186,1.16513,0.8859490121217867,3.167411369293461,0.5610893118374414,0.17714443954983455,2.6197039363400276,2.915606049906481,4.02952309441092,0.6814412553100959,3.7989810823963803,0.07791856350208654,3.71329097636293,3.7888628857708126,3.905134177515502,1.3043545337841587,0.189371904635751,1.0923227691416983,1.2624158924527755,1.557084259498121,5.994897959183674,0.8360344257363108,3.303571305251288,3.4731858248683714,-0.007194905692773583,0.015306122448979591,0.25510204081632654,0.49489795918367346,0.19387755102040816,0.03571428571428571
sim__lam_0__gam_0p05__rep_019__20260531_150900_754229,19,hexagonal_2000_1.dat,"lambda=0, gamma=0.05",0.0,0.05,0.7302352908163267,0.3109255620486477,0.4257881890378643,0.4403195,0.5951865,1.25108,0.9239429764737134,3.181158210811539,0.6096588522798694,0.19164681913891635,2.5789717424924565,2.9280820645351957,4.146614539695253,0.6896240916908777,3.8126963582633624,0.08558877115468516,3.712661599507485,3.8150811932980937,3.9077350529355215,1.324199786290068,0.20143832475485127,1.0968472334075297,1.280952898707655,1.5659374423738153,5.974489795918367,1.0421535027841458,3.406973935170853,3.385500505477887,0.011049277236560403,0.025510204081632654,0.3469387755102041,0.3622448979591837,0.17857142857142858,0.07142857142857142
sim__lam_0__gam_0p05__rep_020__20260531_150921_024793,20,hexagonal_2000_1.dat,"lambda=0, gamma=0.05",0.0,0.05,0.7304997142857143,0.30080014945880396,0.41177312403539523,0.4634665,0.598662,1.21223,1.0900612508019514,3.1712728530143317,0.5806351988070607,0.1830921606934506,2.6138692641663415,2.930979382266644,4.076040872824944,0.8473354544617964,3.7913568234320754,0.07345589147320002,3.7007189144287915,3.781981774767968,3.8754146104974136,1.2826760217094548,0.17279240714327554,1.0862306347198214,1.2528019976430649,1.5311187392208057,6.010204081632653,0.8920842135499166,3.3172733998832737,3.3399135863788207,-0.011975525922472072,0.015306122448979591,0.2602040816326531,0.5,0.15816326530612246,0.05612244897959184
sim__lam_0__gam_0p05__rep_021__20260531_150938_856419,21,hexagonal_2000_1.dat,"lambda=0, gamma=0.05",0.0,0.05,0.733596801020408,0.300822175472023,0.4100647318161415,0.450588,0.5816920000000001,1.238315,0.9429793920742481,3.181210969579168,0.590086391638141,0.1854911218654625,2.5975159499477725,2.880514005471703,4.14240417842662,0.7418859219317311,3.7956020656383607,0.0755789136074683,3.710061496455163,3.7811983123183994,3.8894189116091944,1.2994629300352905,0.17367662673267076,1.0947704108761367,1.270618715549778,1.5222135372449281,6.0,0.8451542547285166,3.341616849478262,3.385982917905863,0.06281558271931738,0.00510204081632653,0.2857142857142857,0.4642857142857143,0.1989795918367347,0.04081632653061224
sim__lam_0__gam_0p05__rep_022__20260531_150956_664789,22,hexagonal_2000_1.dat,"lambda=0, gamma=0.05",0.0,0.05,0.7398062755102042,0.3169244548020186,0.42838843801781035,0.43699600000000005,0.59625,1.268105,0.9571592146634902,3.192817502791705,0.6190442084207932,0.19388649926885124,2.562462631440395,2.930307594458651,4.215387788603372,0.7592266021873718,3.8016387164972043,0.08371841146624356,3.70691779271011,3.7933280232508952,3.9034563495066843,1.2902923793080843,0.1996621957460731,1.0754408574598049,1.2430446225556127,1.5420869889963056,6.005102040816326,0.9448974082071826,3.345719075849757,3.3717306100783477,0.06520148723390032,0.030612244897959183,0.28061224489795916,0.4030612244897959,0.23469387755102042,0.04081632653061224
sim__lam_0__gam_0p05__rep_023__20260531_151015_299709,23,hexagonal_2000_1.dat,"lambda=0, gamma=0.05",0.0,0.05,0.7443708367346938,0.32435476932417795,0.43574352099361957,0.4492435,0.598865,1.318675,0.9860635603512405,3.2068641804949096,0.6252963261619118,0.19498684414667536,2.5995086053349006,2.9334103925454693,4.2948783453745225,0.8086727118942743,3.809683979412293,0.09561633609957536,3.7035662550901516,3.793781222504802,3.911575747314167,1.327000560991842,0.22468672345343355,1.0966137558172169,1.2695754451187184,1.645414414795196,6.010204081632653,0.9475521412521338,3.366270683845649,3.459647328435246,0.04622271143162626,0.015306122448979591,0.30612244897959184,0.4030612244897959,0.2193877551020408,0.04591836734693878
sim__lam_0__gam_0p05__rep_024__20260531_151033_297914,24,hexagonal_2000_1.dat,"lambda=0, gamma=0.05",0.0,0.05,0.7410169285714285,0.30166419092371266,0.40709487096991115,0.45284199999999997,0.590975,1.210525,0.9304275377707553,3.205116885831622,0.5973590603195009,0.18637668503135402,2.587331968465977,2.917616106313541,4.120662887193242,0.6879174320376654,3.8028426424891513,0.0830105292288134,3.7119126148463097,3.785931474014202,3.9041485766133057,1.3230860407776555,0.21019755266036133,1.114640353124598,1.2826695357144158,1.5975040044142204,5.979591836734694,0.8203980098874196,3.394152782784483,3.357960974613049,-0.057855857769680434,0.00510204081632653,0.2602040816326531,0.5408163265306123,0.14795918367346939,0.04081632653061224
sim__lam_0__gam_0p05__rep_025__20260531_151051_283259,25,hexagonal_2000_1.dat,"lambda=0, gamma=0.05",0.0,0.05,0.7281494540816326,0.2918911459796602,0.40086708071133914,0.454267,0.6091770000000001,1.2401749999999998,1.0608616149673122,3.1709570311488977,0.5683195517098373,0.1792265067381708,2.616435654661678,2.939695405364587,4.172946058111335,0.8846950069153295,3.792281112891287,0.06984181095037702,3.710599656188462,3.780131308091617,3.878214608610328,1.2993398209806923,0.15802948565553732,1.1143911415045542,1.2786603187039036,1.5260747707873743,6.0,0.8329931278350429,3.3448584950021716,3.433157816712602,-0.01069074997599956,0.01020408163265306,0.2653061224489796,0.4846938775510204,0.1989795918367347,0.03571428571428571
sim__lam_0__gam_0p05__rep_026__20260531_151107_133707,26,hexagonal_2000_1.dat,"lambda=0, gamma=0.05",0.0,0.05,0.7289081989795919,0.29327638279370083,0.4023502317628748,0.4502945,0.6013195,1.209575,1.0661949680786942,3.1758453953206116,0.5762191725560616,0.181438042734983,2.6030078612633547,2.9386927151278943,4.135661719374821,0.8326317948372374,3.7964201241802455,0.0713447349535315,3.717154091706292,3.7876563960802683,3.8892157678484702,1.3032086344153793,0.1909352443678132,1.1015302139748435,1.258413295054087,1.6040143850633988,6.01530612244898,0.8419913277967681,3.311987427768181,3.322064159268776,0.0286814861875808,0.01020408163265306,0.2755102040816326,0.44387755102040816,0.22959183673469388,0.04081632653061224
sim__lam_0__gam_0p05__rep_027__20260531_151125_571579,27,hexagonal_2000_1.dat,"lambda=0, gamma=0.05",0.0,0.05,0.7132946530612244,0.2856013815508016,0.40039747995403396,0.46993050000000003,0.5860775,1.1882700000000002,1.2804073856850438,3.1392627996888125,0.5515522088566128,0.17569481883170507,2.633638211614649,2.902250251288579,4.055963502046533,1.0731222260333344,3.790719183089823,0.0695027612433453,3.7061310150587015,3.7814987594375666,3.8777118361002723,1.282104977293894,0.16792113344034953,1.0967355594641066,1.249004526055264,1.5034276661644457,5.979591836734694,0.8388475067169228,3.3246225766422377,3.2857086673534543,-0.006703222854866324,0.00510204081632653,0.3010204081632653,0.4489795918367347,0.1989795918367347,0.04591836734693878
sim__lam_0__gam_0p05__rep_028__20260531_151142_331885,28,hexagonal_2000_1.dat,"lambda=0, gamma=0.05",0.0,0.05,0.7430621428571428,0.2746220102938709,0.3695814851198774,0.4601335,0.643015,1.1777549999999999,0.9207741571905588,3.2200605227375334,0.5468751713244391,0.16983381755177182,2.6151608336141416,3.053128351378086,4.024362817492659,0.6792281736067302,3.8016298757667073,0.07175617776618427,3.7214414453263385,3.8002008351926273,3.877274688308079,1.3123517744134208,0.19178672593805232,1.1080258756252412,1.2840165474562446,1.5895454702553153,6.010204081632653,0.8630143891626071,3.3945284155195923,3.4575395563072036,-0.0012574772066183224,0.00510204081632653,0.29591836734693877,0.4336734693877551,0.2193877551020408,0.04081632653061224
sim__lam_0__gam_0p05__rep_029__20260531_151159_421063,29,hexagonal_2000_1.dat,"lambda=0, gamma=0.05",0.0,0.05,0.7669648571428571,0.32477030596256856,0.4234487446686915,0.46450199999999997,0.6118699999999999,1.31371,0.8866186668019576,3.247511221404722,0.6236273377785182,0.19203238888534896,2.6315077064293355,2.942962546778248,4.294212806881399,0.703468391518478,3.7961456222249916,0.0809920895097652,3.706055636700213,3.7833304057795845,3.8775203564657668,1.292672070795671,0.19734354553959263,1.0887594760227948,1.2541028129067322,1.547732398121413,6.010204081632653,0.8747582518427671,3.359762828902372,3.4729351197800367,0.012209846558915,0.030612244897959183,0.22959183673469388,0.4897959183673469,0.20408163265306123,0.04081632653061224
sim__lam_0__gam_0p08__rep_000__20260531_151217_622798,0,hexagonal_2000_1.dat,"lambda=0, gamma=0.08",0.0,0.08,0.4463868388888888,0.22508268420360958,0.5042323487031194,0.27808560000000004,0.38694,0.8788968999999998,2.1256103606683387,2.4504784798081056,0.506131336448117,0.20654388137599358,2.0391080335830023,2.3294942558812233,3.4304255239645287,1.8837632701975657,3.7640431293599756,0.06446632053243062,3.6882036517419268,3.7432989745855,3.845685913638581,1.1999916851952295,0.1331782444659683,1.0673090406404284,1.1736241705952342,1.3610534803770271,5.983333333333333,0.7108289370712041,2.45179743547993,2.5597162960872493,-0.008636153242312289,0.0,0.23333333333333334,0.5777777777777777,0.16111111111111112,0.027777777777777776
sim__lam_0__gam_0p08__rep_001__20260531_151228_841532,1,hexagonal_2000_1.dat,"lambda=0, gamma=0.08",0.0,0.08,0.4034713011363637,0.17365481567513466,0.4304019026523353,0.274485,0.36409899999999995,0.580417,2.622648451466877,2.339273408081378,0.40547778174198573,0.17333492542642828,2.0155553459088695,2.25411164212251,2.8064608778389206,2.1289335161678853,3.7535216645723795,0.056288623694090295,3.6844088833028934,3.7402655105566227,3.832275005548487,1.1574095679622873,0.10191763872042475,1.0472284637407476,1.141401664370075,1.299819754648737,5.994318181818182,0.7346702962655263,2.4114420970519337,2.339404163208738,0.014995496694654895,0.005681818181818182,0.22727272727272727,0.5568181818181818,0.19318181818181818,0.011363636363636364
sim__lam_0__gam_0p08__rep_002__20260531_151240_449831,2,hexagonal_2000_1.dat,"lambda=0, gamma=0.08",0.0,0.08,0.4258763756906077,0.19489785808268384,0.4576395151437476,0.276608,0.368497,0.691724,2.2952872952561414,2.396443294978432,0.4471218169024292,0.1865772571540303,2.021250455257712,2.2801709727226305,3.064023351951807,1.92192050143638,3.7538227552043417,0.059334349370710894,3.6820637436239623,3.739810420072634,3.8283644011853353,1.1651173774567092,0.11008613087598954,1.0522954198162404,1.139726591225464,1.3300705987522377,6.005524861878453,0.746980940603561,2.4994623984293654,2.444884417241491,0.00888753341762511,0.0055248618784530384,0.22099447513812154,0.569060773480663,0.17679558011049723,0.022099447513812154
sim__lam_0__gam_0p08__rep_003__20260531_151252_181321,3,hexagonal_2000_1.dat,"lambda=0, gamma=0.08",0.0,0.08,0.4510202736842105,0.23443335612192276,0.5197845192332651,0.2749738,0.378737,0.8943897000000001,2.0250677330583,2.457563776864249,0.5262806374562294,0.21414729595645648,2.0205041792383374,2.3122560484775834,3.4850234297215077,1.775787130460077,3.763048014349043,0.060528608891953016,3.6844097246272347,3.7498104641651016,3.8455938634961457,1.2061300108244457,0.12985553329887747,1.0601143774667905,1.1790218522748286,1.3597740970627257,5.989473684210527,0.7253998801692653,2.6357085561264726,2.5652021900218576,-0.0007622836352998806,0.0,0.24736842105263157,0.5368421052631579,0.19473684210526315,0.021052631578947368
sim__lam_0__gam_0p08__rep_004__20260531_151304_290305,4,hexagonal_2000_1.dat,"lambda=0, gamma=0.08",0.0,0.08,0.4128861494252873,0.18398737868722426,0.44561286190606786,0.2717534,0.36674,0.6377069000000007,2.5808464979009527,2.3635049435985054,0.42412398624277864,0.17944704849944507,1.9891853443798464,2.2709915986336204,2.94296535165447,2.1484182681015898,3.7525946985466225,0.05177555376579146,3.688423148341078,3.742635000070785,3.8301861659713956,1.168476610927882,0.09606886290992192,1.0566477600070046,1.1517268783226844,1.3043054444082036,6.0,0.6948083337796512,2.4145108880562236,2.3225628063027606,0.036538464228836595,0.0,0.20689655172413793,0.6091954022988506,0.1724137931034483,0.0
sim__lam_0__gam_0p08__rep_005__20260531_151315_832128,5,hexagonal_2000_1.dat,"lambda=0, gamma=0.08",0.0,0.08,0.42966881967213116,0.19391044629648477,0.45130211320430785,0.2887104,0.377049,0.6223162000000004,2.5408452096375016,2.41277073526944,0.4391940209148085,0.1820289074691469,2.0552500293858365,2.306928454629096,2.9035289397760877,2.1931307433011513,3.756527531991489,0.054592765640036886,3.685867721804478,3.740073754349622,3.83207907852486,1.179309095846989,0.11722499503926942,1.0548792683396297,1.1499002540180387,1.3359616557873488,6.005464480874317,0.6652767020334067,2.4836607788513336,2.4761583613414935,0.0035878188070896898,0.00546448087431694,0.19672131147540983,0.5901639344262295,0.20218579234972678,0.00546448087431694
sim__lam_0__gam_0p08__rep_006__20260531_151327_734806,6,hexagonal_2000_1.dat,"lambda=0, gamma=0.08",0.0,0.08,0.4436299166666666,0.1973785303311131,0.4449170872283032,0.2894733,0.3897755,0.7665360000000001,2.179101975621118,2.453204289852293,0.4513576160730917,0.18398696673569076,2.0719719240755268,2.3353903823388276,3.2254943521791817,1.8411653398307763,3.7610614902873523,0.06671967318514378,3.688480696700627,3.741914952433665,3.8390760304392555,1.1953613210105383,0.12662374088991452,1.0629975612819493,1.167832889005352,1.3523475924106827,6.005208333333333,0.6959510566583608,2.611513537322114,2.574040845701377,0.018534618035814337,0.005208333333333333,0.20833333333333334,0.578125,0.19270833333333334,0.015625
sim__lam_0__gam_0p08__rep_007__20260531_151339_927903,7,hexagonal_2000_1.dat,"lambda=0, gamma=0.08",0.0,0.08,0.3983228988764045,0.14043764796593275,0.35257236870320263,0.275741,0.3781095,0.5126484000000001,3.0158763250278464,2.335659239083435,0.32963218479083006,0.1411302553364094,2.010567514174793,2.292663625852088,2.6442748040539374,2.419158887670951,3.7494749587166005,0.05032900058569625,3.683333670486525,3.738982069269926,3.8259933385590483,1.1412592170346776,0.0828385515039057,1.0444478315023422,1.1301764059969033,1.2434461850224179,5.98876404494382,0.7266110658078535,2.3609585207557098,2.3894745682164316,-0.03307902876480214,0.0,0.24157303370786518,0.5561797752808989,0.17415730337078653,0.028089887640449437
sim__lam_0__gam_0p08__rep_008__20260531_151353_845845,8,hexagonal_2000_1.dat,"lambda=0, gamma=0.08",0.0,0.08,0.4348637945945946,0.21076374683843052,0.4846661172021279,0.27920639999999997,0.37753,0.7709297999999999,2.3382815566258874,2.421285194590128,0.4738881760878925,0.19571762019051042,2.0306946536795905,2.302944535856529,3.2345974362955747,2.0290199491673504,3.760491414755804,0.06491281051953383,3.6848137116857527,3.7446215865441395,3.842068922959728,1.1847374262679415,0.1270199390628328,1.0583383122065841,1.1586175779785701,1.3363834787685818,5.989189189189189,0.7277450488318986,2.492257102554235,2.5307972116732165,0.009637643440811224,0.005405405405405406,0.23243243243243245,0.5513513513513514,0.1891891891891892,0.021621621621621623
sim__lam_0__gam_0p08__rep_009__20260531_151407_323285,9,hexagonal_2000_1.dat,"lambda=0, gamma=0.08",0.0,0.08,0.42296891620111726,0.18562518992388372,0.4388624856659255,0.27751560000000003,0.372319,0.7014356000000003,2.2608120017871,2.3913058706650054,0.4325062773680806,0.18086614626493713,2.0157913447904368,2.2824376979727883,3.082500061508002,1.8403661803043352,3.75324778903171,0.05831463296984739,3.6813224698258455,3.737589014419847,3.8278086988691076,1.1622795302940203,0.10337524168399782,1.0475511470090049,1.145338735288538,1.3089449220656983,6.0,0.69314279003269,2.455009687511523,2.4813997345773764,-0.028453562238428865,0.0111731843575419,0.18435754189944134,0.6201117318435754,0.16201117318435754,0.0223463687150838
sim__lam_0__gam_0p08__rep_010__20260531_151418_925213,10,hexagonal_2000_1.dat,"lambda=0, gamma=0.08",0.0,0.08,0.4139672590673575,0.16542635763398428,0.39961217707477636,0.2809606,0.3767,0.5418305999999999,2.9149147573117045,2.3777391673358017,0.378281760266877,0.15909304328387427,2.0289812070660216,2.3060828583285637,2.7112683080524036,2.4294573683891456,3.7555790001468856,0.05247356029180235,3.687404034846267,3.739607204936129,3.8292203133498384,1.178755857365882,0.11446365952525067,1.0593488516779153,1.1443121588523428,1.34623117171411,5.979274611398964,0.6672078485671581,2.576253854747823,2.501368844634582,0.025471667680197502,0.0,0.20725388601036268,0.6321243523316062,0.13471502590673576,0.025906735751295335
sim__lam_0__gam_0p08__rep_011__20260531_151431_673545,11,hexagonal_2000_1.dat,"lambda=0, gamma=0.08",0.0,0.08,0.4144307989130435,0.15358593432196826,0.37059488513985495,0.2907179,0.37622599999999995,0.6312551000000008,2.5531974381567695,2.378666363357855,0.3621998032283224,0.1522701160648983,2.074766139128676,2.295642517452869,2.931685306800948,2.1155596365813145,3.7488870516834156,0.046825904873224286,3.6862421817700755,3.7372135457940305,3.823301517188347,1.1605431249316749,0.09207028858917003,1.0646677341012374,1.1383462278658052,1.2760839775860904,5.994565217391305,0.5943326784749545,2.4942370644840803,2.422274063623312,0.011746380812244972,0.0,0.17391304347826086,0.6630434782608695,0.15760869565217392,0.005434782608695652
sim__lam_0__gam_0p08__rep_012__20260531_151444_761881,12,hexagonal_2000_1.dat,"lambda=0, gamma=0.08",0.0,0.08,0.416453904494382,0.18213163770451601,0.43733924868637086,0.2760471,0.3686385,0.7198584000000003,2.139363512736147,2.3745878552440587,0.4314192615763814,0.18168174347537824,2.007293661019193,2.273630877125355,3.1209125491300567,1.8269149768068316,3.754906398760687,0.05395178764954003,3.689860096679286,3.740324205999091,3.8295058221740232,1.1771142034179902,0.1153181525980577,1.0555386045204607,1.1560822963662456,1.3387330874024932,5.98876404494382,0.6533299667463655,2.4459200594179746,2.4338074825409293,-0.006511910802972958,0.0056179775280898875,0.19101123595505617,0.6235955056179775,0.16853932584269662,0.011235955056179775
sim__lam_0__gam_0p08__rep_013__20260531_151456_168776,13,hexagonal_2000_1.dat,"lambda=0, gamma=0.08",0.0,0.08,0.4047821843575418,0.17914555451858266,0.44257272538433123,0.2700058,0.366053,0.5530644000000008,2.860170171477236,2.3422719903528026,0.4117296175164336,0.17578215476770545,1.9825544208524999,2.266774349523844,2.745122435739245,2.3078837860117107,3.7539399700330067,0.053821267821710296,3.6845544093451372,3.7406638120879014,3.82701125428994,1.169682686978488,0.099840760754885,1.0527187837217258,1.1564047608083106,1.3131670747990107,6.0,0.7246652087719331,2.427490416105416,2.398010157694639,0.018654448230339824,0.00558659217877095,0.21787709497206703,0.5754189944134078,0.17318435754189945,0.027932960893854747
sim__lam_0__gam_0p08__rep_014__20260531_151507_836828,14,hexagonal_2000_1.dat,"lambda=0, gamma=0.08",0.0,0.08,0.4097032540540541,0.16562772287775554,0.40426264921854693,0.27932840000000003,0.369967,0.5856657999999999,2.581927236038007,2.360688728495037,0.3862605210188979,0.16362196182678404,2.02009574580084,2.2747098863215847,2.8191042850059946,2.15323916054692,3.7525190488811084,0.059838626728547256,3.683034566768205,3.736466839865498,3.8313069083760674,1.1553456585290114,0.1027077252500762,1.0439239495379322,1.1336691867730135,1.2982009323085557,5.994594594594594,0.7089946997651716,2.4841401678165713,2.4587894871081915,-0.0036518424826605714,0.005405405405405406,0.22162162162162163,0.5621621621621622,0.1945945945945946,0.016216216216216217
sim__lam_0__gam_0p08__rep_015__20260531_151520_191782,15,hexagonal_2000_1.dat,"lambda=0, gamma=0.08",0.0,0.08,0.42798424043715844,0.2135035885849267,0.49885852891767146,0.2774964,0.375887,0.5845436,2.659569032917706,2.4021594730614817,0.4716353837431896,0.19633808205993408,2.0243853470932325,2.2992605651830162,2.835895032418789,2.3294425046457343,3.7600171228071395,0.059363448592702796,3.682197430232994,3.7417059572266207,3.8380275266811474,1.1735044963775245,0.1301608058956482,1.0476221318918089,1.130809183109956,1.3694532548444884,5.983606557377049,0.7572989811443342,2.527550805227628,2.4791694031829485,-0.03657743868098044,0.0,0.25136612021857924,0.546448087431694,0.18032786885245902,0.01092896174863388
sim__lam_0__gam_0p08__rep_016__20260531_151533_343928,16,hexagonal_2000_1.dat,"lambda=0, gamma=0.08",0.0,0.08,0.39887485882352947,0.16936645948240048,0.42461051564271973,0.2851873,0.3708165,0.46902999999999995,3.6625659014161895,2.3305633155660033,0.3753745583785259,0.16106602033560324,2.0432898073160857,2.2780083321987843,2.5276752847790394,3.0860970474473053,3.7510995805969567,0.04908621146638425,3.6900310934295377,3.7398744297777418,3.820318091014406,1.1499591592874436,0.1048633952710162,1.0407386576214026,1.126247787018062,1.2817044531830428,5.988235294117647,0.6944166853352333,2.4119085487403904,2.269766548886374,0.04071207300768919,0.0,0.21176470588235294,0.6176470588235294,0.14705882352941177,0.01764705882352941
sim__lam_0__gam_0p08__rep_017__20260531_151544_776165,17,hexagonal_2000_1.dat,"lambda=0, gamma=0.08",0.0,0.08,0.4034713011363637,0.17365481567513466,0.4304019026523353,0.274485,0.36409899999999995,0.580417,2.622648451466877,2.339273408081378,0.40547778174198573,0.17333492542642828,2.0155553459088695,2.25411164212251,2.8064608778389206,2.1289335161678853,3.7535216645723795,0.056288623694090295,3.6844088833028934,3.7402655105566227,3.832275005548487,1.1574095679622873,0.10191763872042475,1.0472284637407476,1.141401664370075,1.299819754648737,5.994318181818182,0.7346702962655263,2.4114420970519337,2.339404163208738,0.014995496694654895,0.005681818181818182,0.22727272727272727,0.5568181818181818,0.19318181818181818,0.011363636363636364
sim__lam_0__gam_0p08__rep_018__20260531_151556_334086,18,hexagonal_2000_1.dat,"lambda=0, gamma=0.08",0.0,0.08,0.4032249431818182,0.1698558001504751,0.42124328621571455,0.2723875,0.36582950000000003,0.6605665000000001,2.4422748184268688,2.3382267106252006,0.4006974265993492,0.1713680819650026,1.9955375741488517,2.2607032535153184,2.989454437352518,2.0863948109490567,3.7512415873758655,0.057724828316028515,3.6827753934997265,3.7361226649962016,3.826401164055757,1.148759858681924,0.10023561957205747,1.050814149727855,1.1271470205459966,1.2849619211642094,5.982954545454546,0.710908763950169,2.3546983465632487,2.402447836174482,0.018925896505291643,0.005681818181818182,0.2215909090909091,0.5795454545454546,0.17045454545454544,0.022727272727272728
sim__lam_0__gam_0p08__rep_019__20260531_151608_526710,19,hexagonal_2000_1.dat,"lambda=0, gamma=0.08",0.0,0.08,0.43000254444444447,0.21292437343034162,0.49517003138886284,0.27685200000000004,0.377936,0.750246,2.4194792665670795,2.4056114634689156,0.47878433251143043,0.1990281222807359,2.019243851303983,2.3058880941250735,3.1883789587415,2.0273112345606776,3.760418100764778,0.06257157194703186,3.6855514783478927,3.74598770620986,3.835094184850499,1.1815860175927226,0.11561189414878605,1.0622719644680179,1.1595105328948594,1.3183731053417598,5.977777777777778,0.7670691375152535,2.5159847440378136,2.4795816599576437,0.012675707156183285,0.011111111111111112,0.2388888888888889,0.5444444444444444,0.17222222222222222,0.03333333333333333
sim__lam_0__gam_0p08__rep_020__20260531_151620_259124,20,hexagonal_2000_1.dat,"lambda=0, gamma=0.08",0.0,0.08,0.42689609189189187,0.20490533828796426,0.47998878926109956,0.276157,0.3772,0.7362437999999999,2.310530090832172,2.3992885193583167,0.46697104077564044,0.19462896479842115,2.014260253485637,2.303434023938634,3.1612593009582746,1.9189737854114106,3.76137799302817,0.06512789908263016,3.680075006151887,3.74595311971656,3.839266230608101,1.1810475945650674,0.12213511828853575,1.0534652199600119,1.1578452349700057,1.342381372323238,5.989189189189189,0.7780029124463599,2.507898702277722,2.5318971639787216,0.002730340469000604,0.010810810810810811,0.25405405405405407,0.4918918918918919,0.22162162162162163,0.021621621621621623
sim__lam_0__gam_0p08__rep_021__20260531_151632_293469,21,hexagonal_2000_1.dat,"lambda=0, gamma=0.08",0.0,0.08,0.4122424333333334,0.1669465967504812,0.4049718885078616,0.2799121,0.3733615,0.6288764999999997,2.305138994694682,2.3677253213597256,0.3950043432565358,0.16682861803814633,2.020595234700959,2.2887564124478565,2.9347650178159266,1.9212819673236725,3.7536489749378057,0.06053655065968177,3.6848091671193446,3.736667399732721,3.827767552544872,1.152663073981321,0.10453378772071646,1.0483200875998258,1.1285745101288076,1.2728787448054466,5.988888888888889,0.699117609632861,2.422772786703139,2.4303489366659154,0.0397949588410813,0.011111111111111112,0.2,0.5944444444444444,0.17777777777777778,0.016666666666666666
sim__lam_0__gam_0p08__rep_022__20260531_151645_041367,22,hexagonal_2000_1.dat,"lambda=0, gamma=0.08",0.0,0.08,0.4220676079545455,0.19463607350645734,0.46114904303899457,0.277595,0.37132750000000003,0.5614295,2.6090425574447593,2.387459672517079,0.44084610323652945,0.18465070145941537,2.0188069980294294,2.2795149247689066,2.7763904370708667,2.234768737699599,3.752989320650148,0.054175274494400814,3.684581342730773,3.7390919020513627,3.8324855497230494,1.1593699508137267,0.09204166412780643,1.057350104346672,1.1435400849086526,1.2783207086466848,5.994318181818182,0.7268953211097452,2.4563291641152105,2.4430889486253253,-0.026078962033475636,0.0,0.23863636363636365,0.5568181818181818,0.17613636363636365,0.028409090909090908
sim__lam_0__gam_0p08__rep_023__20260531_151656_729203,23,hexagonal_2000_1.dat,"lambda=0, gamma=0.08",0.0,0.08,0.42189529411764704,0.19130097615452163,0.45343235352780026,0.27919940000000004,0.370058,0.614506,2.4098076105475954,2.3879429259951914,0.43921820829960484,0.18393161893363666,2.0233233426071235,2.2840101515034985,2.8830569186501847,2.0147905683256044,3.7553264476529273,0.059002537807536753,3.683294156405192,3.7430196540496294,3.8323036708408247,1.1605787231605258,0.11635726733356554,1.0507546040431006,1.1385320603794922,1.306209614506784,5.989304812834225,0.7238437566868168,2.5291901954220104,2.466595550526953,-0.031212202239514774,0.0053475935828877,0.22459893048128343,0.5721925133689839,0.1711229946524064,0.026737967914438502
sim__lam_0__gam_0p08__rep_024__20260531_151708_879373,24,hexagonal_2000_1.dat,"lambda=0, gamma=0.08",0.0,0.08,0.4275024566473988,0.21799386200696233,0.5099242322863476,0.2685776,0.369529,0.6578350000000001,2.440845002758325,2.39682782075664,0.49229555327170155,0.20539462576668788,1.9871157559379784,2.27787276530038,3.0000149351597654,2.036909164729714,3.760879232766301,0.06801002236157147,3.6812283030273805,3.7447304888058284,3.834442978552447,1.1861321073196958,0.13191108278178437,1.0586335581911328,1.1605088198645679,1.3319565755104683,6.005780346820809,0.764056029681309,2.409681732749578,2.415438961106828,-0.00786884901730508,0.005780346820809248,0.23699421965317918,0.5375722543352601,0.18497109826589594,0.03468208092485549
sim__lam_0__gam_0p08__rep_025__20260531_151721_618459,25,hexagonal_2000_1.dat,"lambda=0, gamma=0.08",0.0,0.08,0.4219058736263736,0.20045352068368374,0.4751143162816545,0.2745671,0.369615,0.7033754000000005,2.4404420973251812,2.3879466381598538,0.4540453310615911,0.19014048463465133,2.014662769912492,2.276183278611219,3.1028527138369775,2.159124682619709,3.7600401534281187,0.05855708868199383,3.6857971203611104,3.7433550461703033,3.834249534562153,1.191896962638241,0.12253623896467092,1.0551382397617506,1.1662484468860401,1.3705667056652875,5.983516483516484,0.7069146297003179,2.5040656926595353,2.4884900265443037,0.022706701162654355,0.0,0.23626373626373626,0.5659340659340659,0.17582417582417584,0.02197802197802198
sim__lam_0__gam_0p08__rep_026__20260531_151733_988523,26,hexagonal_2000_1.dat,"lambda=0, gamma=0.08",0.0,0.08,0.42201300526315794,0.17985492069424056,0.42618336034848225,0.2780192,0.376027,0.6483259999999998,2.4383015848014518,2.393837349338681,0.4166247757531263,0.1740405528671564,2.014476076994096,2.288208687735623,3.0168022988734347,2.0576320655108145,3.7540525159445597,0.060701042131411004,3.68464195145392,3.73763150841413,3.8302466346507447,1.1641767534876366,0.12109864140844732,1.056202624443946,1.1409255773377383,1.3051070017270046,5.989473684210527,0.6648266389321317,2.559826538780407,2.523683913418338,-0.03256841701869454,0.0,0.21052631578947367,0.6052631578947368,0.16842105263157894,0.015789473684210527
sim__lam_0__gam_0p08__rep_027__20260531_151747_372039,27,hexagonal_2000_1.dat,"lambda=0, gamma=0.08",0.0,0.08,0.4348637945945946,0.21076374683843052,0.4846661172021279,0.27920639999999997,0.37753,0.7709297999999999,2.3382815566258874,2.421285194590128,0.4738881760878925,0.19571762019051042,2.0306946536795905,2.302944535856529,3.2345974362955747,2.0290199491673504,3.760491414755804,0.06491281051953383,3.6848137116857527,3.7446215865441395,3.842068922959728,1.1847374262679415,0.1270199390628328,1.0583383122065841,1.1586175779785701,1.3363834787685818,5.989189189189189,0.7277450488318986,2.492257102554235,2.5307972116732165,0.009637643440811224,0.005405405405405406,0.23243243243243245,0.5513513513513514,0.1891891891891892,0.021621621621621623
sim__lam_0__gam_0p08__rep_028__20260531_151800_250315,28,hexagonal_2000_1.dat,"lambda=0, gamma=0.08",0.0,0.08,0.4092720113636364,0.17404787297732682,0.4252620949988706,0.277239,0.3702205,0.6066134999999999,2.7669519528764757,2.3598399266711123,0.4083497307968274,0.17304128393686827,2.0137153276119486,2.2743429169616585,2.9633499076374505,2.196788598500343,3.7555635787702215,0.06953588439288003,3.6801850389609037,3.73909778743026,3.828979939898538,1.1603661187754468,0.12639800712010948,1.0455027740406593,1.127538437059675,1.3014453018889298,5.994318181818182,0.6867012640392166,2.3811585437256304,2.410265173924889,-0.025584849817218105,0.005681818181818182,0.20454545454545456,0.5965909090909091,0.17613636363636365,0.017045454545454544
sim__lam_0__gam_0p08__rep_029__20260531_151811_962071,29,hexagonal_2000_1.dat,"lambda=0, gamma=0.08",0.0,0.08,0.42654671122994653,0.20514447356254445,0.4809425747781055,0.2685428,0.370004,0.7012290000000002,2.3297654295801364,2.398509731133966,0.4675806297208537,0.19494631339252322,1.985674080157994,2.273184078596704,3.0950327244782767,2.034113073330422,3.7592143640175713,0.05970378639374645,3.6838442731292678,3.743787074101502,3.8383391094101653,1.1926211909668862,0.13929531002779957,1.0637603028809144,1.157545737101216,1.3872989185108813,5.989304812834225,0.6539824918164898,2.5383793903546708,2.5050983604046118,-0.007791441084265385,0.0,0.21390374331550802,0.5882352941176471,0.1925133689839572,0.0053475935828877
