sim_id,replica,init_id,grupo,lambda_cc,gamma,PC1,PC2,PC3,PC4,PC5,PC6,PC7,PC8,PC9,PC10
sim__lam_m0p1__gam_0p05__rep_000__20260531_144612_906110,0,hexagonal_2000_1.dat,"lambda=-0.1, gamma=0.05",-0.1,0.05,3.9629387637613003,-2.943888200580003,-0.7380037175339896,-0.04270796996900424,0.02515095812981558,0.058291377169803996,0.41280463494774805,1.0002781295766117,-0.42882819592034405,0.18995967299439886
sim__lam_m0p1__gam_0p05__rep_001__20260531_144629_755125,1,hexagonal_2000_1.dat,"lambda=-0.1, gamma=0.05",-0.1,0.05,4.984772886364133,-3.324800897743202,-1.7757750408974382,0.1805643257430213,-0.32021025343133946,-1.486496265980547,-0.9409632995472575,0.8047561117963993,0.9596062094341771,0.5615307088144696
sim__lam_m0p1__gam_0p05__rep_002__20260531_144646_765235,2,hexagonal_2000_1.dat,"lambda=-0.1, gamma=0.05",-0.1,0.05,5.106462546199339,-1.712663179539489,1.0578144464048052,-0.3843464755454725,-0.18735955520545097,0.3269688117574983,0.3771044434074556,0.19735607458769958,-0.2535482285703742,-0.15883558665431657
sim__lam_m0p1__gam_0p05__rep_003__20260531_144704_740421,3,hexagonal_2000_1.dat,"lambda=-0.1, gamma=0.05",-0.1,0.05,3.3704935249210206,-2.6583876402853046,-0.8442001897100793,0.19353282320113313,0.28730819589234174,-0.44923019721732477,-0.5168971844554069,-0.5049685368245282,-0.38480713209698564,-0.5392661807521936
sim__lam_m0p1__gam_0p05__rep_004__20260531_144723_619755,4,hexagonal_2000_1.dat,"lambda=-0.1, gamma=0.05",-0.1,0.05,5.048064079358233,-3.3491470641053986,-0.8083078911104068,-1.3531509405768094,0.9652577704030865,-1.131245356422086,-0.9615113957022905,0.43007810082159587,-0.41488646520747835,0.037317525915982655
sim__lam_m0p1__gam_0p05__rep_005__20260531_144742_630012,5,hexagonal_2000_1.dat,"lambda=-0.1, gamma=0.05",-0.1,0.05,4.682190435737032,-1.604226000106875,-1.791249275601804,0.1296280568182589,0.9524314950442379,0.44813052180769436,-0.7943016063607714,-0.6937091961664119,0.09225955792792961,-0.16512914160312253
sim__lam_m0p1__gam_0p05__rep_006__20260531_144759_347165,6,hexagonal_2000_1.dat,"lambda=-0.1, gamma=0.05",-0.1,0.05,4.3717954946941235,-2.458110701675988,-1.1404812605953247,0.14875114329986028,-0.3052909418608383,0.14575004687125662,0.24599390330796117,-1.2306709250341408,0.3226795905752556,0.37429404652196796
sim__lam_m0p1__gam_0p05__rep_007__20260531_144816_857544,7,hexagonal_2000_1.dat,"lambda=-0.1, gamma=0.05",-0.1,0.05,4.221170611570462,-1.827406491194162,1.55563101055651,1.7553488568393514,0.791132412550932,-0.3450728151903604,-0.46966115161813154,0.303125733070054,0.3408284274960349,-0.249157501383227
sim__lam_m0p1__gam_0p05__rep_008__20260531_144834_260335,8,hexagonal_2000_1.dat,"lambda=-0.1, gamma=0.05",-0.1,0.05,4.302172078884726,-3.293619396260411,0.7795573720412432,0.2328446045167839,-1.0859651431609205,0.6380319763074621,0.2133109108749653,0.1436988521468977,0.6757824683929352,-0.2755391499975231
sim__lam_m0p1__gam_0p05__rep_009__20260531_144852_347254,9,hexagonal_2000_1.dat,"lambda=-0.1, gamma=0.05",-0.1,0.05,4.056473518254726,-3.6698357305358047,-0.38436299833272103,-0.27455578430454963,0.7629078787205956,-0.2642031563324951,-0.283602632988169,1.3997863295313013,-0.0014613739691828223,-0.1545550209662199
sim__lam_m0p1__gam_0p05__rep_010__20260531_144910_748000,10,hexagonal_2000_1.dat,"lambda=-0.1, gamma=0.05",-0.1,0.05,5.072150153351395,-2.678414019542182,1.076304863053395,-1.5675853251906666,0.036893305010591015,0.7482941356336279,-1.1873118525362012,0.5940248357590457,0.2155012624125839,-0.8663611470831937
sim__lam_m0p1__gam_0p05__rep_011__20260531_144927_671483,11,hexagonal_2000_1.dat,"lambda=-0.1, gamma=0.05",-0.1,0.05,4.147788800556129,-1.6196390762195867,-1.7968026969929125,0.582115820781277,-1.5040315166042226,2.209643307513256,-0.36783527292837426,-0.3920502047004373,-0.9450702920837201,0.12156616861912153
sim__lam_m0p1__gam_0p05__rep_012__20260531_144945_118836,12,hexagonal_2000_1.dat,"lambda=-0.1, gamma=0.05",-0.1,0.05,5.350691073900399,-1.8707635142128074,-0.6774983652304145,-0.8135775048489603,0.6193249398900634,1.2102756669068802,1.5028698902350963,-0.15341966564138945,0.011280247455858804,0.7785982712524185
sim__lam_m0p1__gam_0p05__rep_013__20260531_145001_922942,13,hexagonal_2000_1.dat,"lambda=-0.1, gamma=0.05",-0.1,0.05,4.384504850918998,-1.895107931008964,-1.4870218066260983,-1.3648055582822232,0.5646648558603525,0.8139356166632392,0.5587114678831864,0.14271556265763352,-0.4117845160131827,0.3266517135010533
sim__lam_m0p1__gam_0p05__rep_014__20260531_145019_145130,14,hexagonal_2000_1.dat,"lambda=-0.1, gamma=0.05",-0.1,0.05,5.65372486205314,-2.4531782194436995,0.7213159127514558,0.31210791232480584,-0.4717875692586474,-0.3968783239284703,-0.3966531136253951,-0.14337770094136082,-0.11779094987845078,0.10794657546598048
sim__lam_m0p1__gam_0p05__rep_015__20260531_145038_265413,15,hexagonal_2000_1.dat,"lambda=-0.1, gamma=0.05",-0.1,0.05,4.5957614323533615,-1.9067835956302146,-0.5402516702279043,0.8414694761066156,0.8477183049371231,-0.02648840923260942,-0.811735652268281,-0.9916220244599088,1.380910542267742,0.4164883281510134
sim__lam_m0p1__gam_0p05__rep_016__20260531_145055_072948,16,hexagonal_2000_1.dat,"lambda=-0.1, gamma=0.05",-0.1,0.05,6.118635364936313,-0.6855423659547808,2.0906238275607683,-0.6475745977362534,0.09462249439081559,1.3852472597607288,-0.18319858708554343,0.2530576641674908,0.07568757425925646,0.2613976376043255
sim__lam_m0p1__gam_0p05__rep_017__20260531_145114_197032,17,hexagonal_2000_1.dat,"lambda=-0.1, gamma=0.05",-0.1,0.05,3.6550127015575478,-2.755157650878403,-0.6298987299443972,0.17201200591622806,-1.377126251453947,0.7270869140968002,0.17878716486522783,-1.3696845730889033,-0.844081920710106,0.2709731995960031
sim__lam_m0p1__gam_0p05__rep_018__20260531_145131_320616,18,hexagonal_2000_1.dat,"lambda=-0.1, gamma=0.05",-0.1,0.05,3.463237078769391,-2.5593608586068264,-0.5912335009648523,1.9871991596207845,0.8872418144179189,0.1889674751354389,-0.44063269454156656,0.24280371116376107,-0.3951267090498782,0.07119558776358052
sim__lam_m0p1__gam_0p05__rep_019__20260531_145150_622440,19,hexagonal_2000_1.dat,"lambda=-0.1, gamma=0.05",-0.1,0.05,5.123919385183149,-0.8879521762483119,1.2381031661574733,2.234395453812519,-0.2694568907055508,0.9484764913805387,1.6252646833239244,-0.4273443305164215,-0.2509757750388689,-0.6028796378087631
sim__lam_m0p1__gam_0p05__rep_020__20260531_145207_946953,20,hexagonal_2000_1.dat,"lambda=-0.1, gamma=0.05",-0.1,0.05,5.048135674904071,-1.5942108305059963,1.3465800391880365,-0.33776657718013314,-0.14305597886997592,0.9778271550995669,1.7014122436431898,0.8957887622614215,-0.7422626937861946,-0.175685794333384
sim__lam_m0p1__gam_0p05__rep_021__20260531_145224_614055,21,hexagonal_2000_1.dat,"lambda=-0.1, gamma=0.05",-0.1,0.05,2.97346859423329,-4.057594407262998,-0.026174097684695218,-0.1414967385489676,-0.4193549490073351,-0.38546918278260595,0.5342009283549183,-1.2409608779154786,0.41070505041570216,0.410815206013163
sim__lam_m0p1__gam_0p05__rep_022__20260531_145241_561233,22,hexagonal_2000_1.dat,"lambda=-0.1, gamma=0.05",-0.1,0.05,4.3418396899324465,-1.107368278466533,-0.6413658361740462,-0.747457227671192,0.9081919608174178,0.02749358866582589,-0.6534990053036729,-1.5534243613993926,-0.6213440512604927,-0.04274684863655187
sim__lam_m0p1__gam_0p05__rep_023__20260531_145300_862862,23,hexagonal_2000_1.dat,"lambda=-0.1, gamma=0.05",-0.1,0.05,4.925006506099271,0.24085966732531444,0.6681345675842707,2.215155326760139,0.3597130118953552,1.132298509115079,0.11999752237030681,-0.15044324784535895,-0.13383068446335977,-0.5134131609491737
sim__lam_m0p1__gam_0p05__rep_024__20260531_145318_966234,24,hexagonal_2000_1.dat,"lambda=-0.1, gamma=0.05",-0.1,0.05,5.363811248933324,-0.868729774399129,-0.6300472874232526,0.9070785921407052,2.770646841589839,1.0495015510588195,1.627195333173902,0.359901389326522,0.035398693313596574,-0.9626462264736991
sim__lam_m0p1__gam_0p05__rep_025__20260531_145337_457552,25,hexagonal_2000_1.dat,"lambda=-0.1, gamma=0.05",-0.1,0.05,3.3135714486125787,-3.320873745559929,2.504490871046356,2.9551503178539207,-0.8473735093110983,-0.42033717100361445,-0.4077758501670863,0.12032261052639301,-0.7543739918684551,-0.007680214333867874
sim__lam_m0p1__gam_0p05__rep_026__20260531_145354_456523,26,hexagonal_2000_1.dat,"lambda=-0.1, gamma=0.05",-0.1,0.05,5.107745869166114,-1.9538694307286546,-1.9187817409876295,-1.5733214724346818,-0.5589896198349578,0.04318665656231525,0.6423739225115547,0.34483383302455867,-0.3348868062204763,-0.10801866483028941
sim__lam_m0p1__gam_0p05__rep_027__20260531_145412_810755,27,hexagonal_2000_1.dat,"lambda=-0.1, gamma=0.05",-0.1,0.05,6.118635364936314,-0.6855423659547806,2.0906238275607705,-0.6475745977362533,0.0946224943908157,1.3852472597607295,-0.18319858708554226,0.25305766416749115,0.0756875742592569,0.26139763760432533
sim__lam_m0p1__gam_0p05__rep_028__20260531_145432_912342,28,hexagonal_2000_1.dat,"lambda=-0.1, gamma=0.05",-0.1,0.05,3.676479522460673,-2.431452841421753,1.567943538046792,1.9926367657693966,-0.6008566607905785,-2.116917516782144,-1.904566652131265,0.0683283775324966,-0.6373746144567622,-0.8338319407272637
sim__lam_m0p1__gam_0p05__rep_029__20260531_145450_437071,29,hexagonal_2000_1.dat,"lambda=-0.1, gamma=0.05",-0.1,0.05,4.426849573584645,-2.6816398092547944,0.6035356775360624,-0.15467350639336827,-0.22078328181539827,-0.2348524617448937,-1.4645843771998108,-0.5767072955529184,0.3502164500097509,-0.24638273528725113
sim__lam_m0p1__gam_0p08__rep_000__20260531_145508_585546,0,hexagonal_2000_1.dat,"lambda=-0.1, gamma=0.08",-0.1,0.08,0.12911146129399237,1.6822411548012013,-0.36217677068131887,1.0272025490955474,-1.9300761180513109,1.4672459787253649,-0.7341986210465925,0.542932246425329,0.08307013628935091,-0.58973843096454
sim__lam_m0p1__gam_0p08__rep_001__20260531_145527_036433,1,hexagonal_2000_1.dat,"lambda=-0.1, gamma=0.08",-0.1,0.08,0.3378641339801213,0.7475221320831353,0.9454291753587025,-0.4783856904629106,1.5441140663909696,1.4083324493809297,0.019400955611578705,0.06012926988824868,0.8102329157403154,0.2726978269069276
sim__lam_m0p1__gam_0p08__rep_002__20260531_145543_733987,2,hexagonal_2000_1.dat,"lambda=-0.1, gamma=0.08",-0.1,0.08,0.30434131895490973,2.4789830131919937,-1.7663102408733904,2.445398866875883,-0.16988277463326587,0.10325861543789773,0.07183342427661346,-0.0972199087866747,0.2850196659299926,0.21608427868575364
sim__lam_m0p1__gam_0p08__rep_003__20260531_145600_741740,3,hexagonal_2000_1.dat,"lambda=-0.1, gamma=0.08",-0.1,0.08,0.8174082935619064,1.2883023790099695,0.9678365946077047,0.14457607402301348,-1.1210064422687074,-0.5489992175111558,-1.19263413099058,0.8418684691228768,-0.32732968384204864,0.6840369913591245
sim__lam_m0p1__gam_0p08__rep_004__20260531_145617_076186,4,hexagonal_2000_1.dat,"lambda=-0.1, gamma=0.08",-0.1,0.08,0.20609433249165354,1.8546547147283658,1.3045202839132681,-1.0131117901548643,-1.1422114648109207,0.9702305923553294,-1.0433090704188441,-0.9979062867133263,-0.08100758137278367,0.1430636460164003
sim__lam_m0p1__gam_0p08__rep_005__20260531_145635_358942,5,hexagonal_2000_1.dat,"lambda=-0.1, gamma=0.08",-0.1,0.08,-0.4210592857959992,1.8036636262215267,-0.7943057815399777,-0.6816919135771754,1.5225110270297963,0.692112447143237,0.2481758027855292,-0.9248479883510958,0.40369613199315757,-0.2192395556200748
sim__lam_m0p1__gam_0p08__rep_006__20260531_145652_967841,6,hexagonal_2000_1.dat,"lambda=-0.1, gamma=0.08",-0.1,0.08,1.1419664871154163,3.050767034982773,-0.35712059487326675,-1.344427452912992,-0.268663417027407,1.5760310439245842,-0.7041125811841936,0.3842783923524996,-0.2210199237564382,0.4401391610757678
sim__lam_m0p1__gam_0p08__rep_007__20260531_145708_218092,7,hexagonal_2000_1.dat,"lambda=-0.1, gamma=0.08",-0.1,0.08,1.347263379262157,3.4176014930949625,1.1327512395274688,0.7571207855272639,0.8855287718571532,-0.07431609778134954,-0.06254446731491342,-0.491092263128049,0.21958925575692925,-0.3316685057880658
sim__lam_m0p1__gam_0p08__rep_008__20260531_145723_506177,8,hexagonal_2000_1.dat,"lambda=-0.1, gamma=0.08",-0.1,0.08,0.23114801329972315,1.228340507370756,-1.577649599017591,0.0683486891133835,0.06369338034499877,0.7150074633263563,-1.097496075295897,0.49485518644491494,-0.14087917927626298,0.2670730044267043
sim__lam_m0p1__gam_0p08__rep_009__20260531_145740_346805,9,hexagonal_2000_1.dat,"lambda=-0.1, gamma=0.08",-0.1,0.08,-0.03545070715058335,1.1476708166094234,0.41869402511530407,-0.5584880033348804,-0.3717420892236922,-0.04980067468590989,0.013422589728196087,-0.06758733950692687,-0.6644521920831542,0.17362582804511073
sim__lam_m0p1__gam_0p08__rep_010__20260531_145756_330985,10,hexagonal_2000_1.dat,"lambda=-0.1, gamma=0.08",-0.1,0.08,1.2018394697832673,2.8470735801243943,-0.2136439436816015,1.0818971557216426,0.43019246437378283,1.3633156342386532,-0.022622253051638085,0.7807430961172934,-0.1388843033657992,0.5037813819321791
sim__lam_m0p1__gam_0p08__rep_011__20260531_145813_552674,11,hexagonal_2000_1.dat,"lambda=-0.1, gamma=0.08",-0.1,0.08,0.1227974613497201,1.585175939267064,-0.4803383283742605,0.6170488068304647,-1.4973967611883703,0.44631407981430354,-0.12205960420851594,-0.0588751995638288,0.17826246693738687,0.3982809950010307
sim__lam_m0p1__gam_0p08__rep_012__20260531_145830_437805,12,hexagonal_2000_1.dat,"lambda=-0.1, gamma=0.08",-0.1,0.08,1.0271099198226328,1.6497478750710612,1.9395120579498282,0.6751056002439445,-0.406518260095242,0.7261896327433636,-0.17227485830490902,1.038447595602274,0.554113117917153,-0.04874634150495569
sim__lam_m0p1__gam_0p08__rep_013__20260531_145845_979518,13,hexagonal_2000_1.dat,"lambda=-0.1, gamma=0.08",-0.1,0.08,-0.3553616488292745,1.7288229748610546,-1.582667267479947,0.5919944465362947,-0.6399717225572168,0.39770750649893155,1.8489396440957577,-0.6760067650881609,-0.3384521107730847,0.4636506857277062
sim__lam_m0p1__gam_0p08__rep_014__20260531_145902_520234,14,hexagonal_2000_1.dat,"lambda=-0.1, gamma=0.08",-0.1,0.08,-0.7022314747016818,0.40423896476041893,2.4776633847498717,-0.9010953041512686,-0.23565120486307534,0.4031231355288945,1.060587701902253,-1.1477870402198946,0.104262698950351,0.8250695409724482
sim__lam_m0p1__gam_0p08__rep_015__20260531_145918_257153,15,hexagonal_2000_1.dat,"lambda=-0.1, gamma=0.08",-0.1,0.08,0.31889855106137505,2.0108029339444102,-0.18279279365978982,1.4043260402685336,-1.10087407973934,0.0613763944449184,-0.02169665384871906,-0.24698935548307088,0.26791440350254886,0.18213243119545344
sim__lam_m0p1__gam_0p08__rep_016__20260531_145934_826630,16,hexagonal_2000_1.dat,"lambda=-0.1, gamma=0.08",-0.1,0.08,0.1433935850442131,3.3445889860361135,-0.6342222123984811,1.716087213216956,2.4215436462052664,-1.167939863868873,0.5752614701262079,-0.7967089550010767,-0.6785584343118739,-0.35003757373440475
sim__lam_m0p1__gam_0p08__rep_017__20260531_145952_627936,17,hexagonal_2000_1.dat,"lambda=-0.1, gamma=0.08",-0.1,0.08,0.9598129120812577,2.3833317612121245,3.109027463265369,0.6296026405888778,0.4088740593118815,-0.23494255648606266,-0.34856731611930697,-0.42262963751728194,0.08729819774312772,0.34383811080990323
sim__lam_m0p1__gam_0p08__rep_018__20260531_150008_299897,18,hexagonal_2000_1.dat,"lambda=-0.1, gamma=0.08",-0.1,0.08,0.019689264857624525,2.6532372830011623,-2.0845290613148775,1.6252142102436562,0.49185672954733844,0.4688533779611272,0.3032908220797738,-0.036940094164186296,0.6061713211538937,0.3546206848194894
sim__lam_m0p1__gam_0p08__rep_019__20260531_150024_126624,19,hexagonal_2000_1.dat,"lambda=-0.1, gamma=0.08",-0.1,0.08,-0.46157873519286496,1.9219882920825624,0.36142075783426425,1.567204231013664,-0.9346411308396472,1.2158571429167744,-0.8536229273578871,0.21908258640152017,-0.5325373778994389,0.2222143198374057
sim__lam_m0p1__gam_0p08__rep_020__20260531_150041_337390,20,hexagonal_2000_1.dat,"lambda=-0.1, gamma=0.08",-0.1,0.08,1.4257011803417603,0.9918779498453157,0.7036347091945346,-0.8977527201325438,-0.4256722814309628,0.7121916538735565,0.17879169367126593,0.9462323483944071,1.5985018509165256,-0.04554686816066112
sim__lam_m0p1__gam_0p08__rep_021__20260531_150056_746101,21,hexagonal_2000_1.dat,"lambda=-0.1, gamma=0.08",-0.1,0.08,0.18787534188279442,2.2338141250402277,0.13025727218048366,0.8870468845370405,0.14869256467877665,0.014460287704033653,-0.2665868726137168,-0.1988277527766832,-0.8636263105751466,1.0176464730686958
sim__lam_m0p1__gam_0p08__rep_022__20260531_150114_882100,22,hexagonal_2000_1.dat,"lambda=-0.1, gamma=0.08",-0.1,0.08,0.8846916716334283,2.34642751270011,-0.27130714241742676,-0.17326582683283998,-0.6076847099268481,-0.22083494876048404,0.15479031101038732,-0.1800830651698673,1.0788813834912465,-0.24271430593570437
sim__lam_m0p1__gam_0p08__rep_023__20260531_150130_205229,23,hexagonal_2000_1.dat,"lambda=-0.1, gamma=0.08",-0.1,0.08,0.8846916716334283,2.34642751270011,-0.27130714241742676,-0.17326582683283998,-0.6076847099268481,-0.22083494876048404,0.15479031101038732,-0.1800830651698673,1.0788813834912465,-0.24271430593570437
sim__lam_m0p1__gam_0p08__rep_024__20260531_150147_240732,24,hexagonal_2000_1.dat,"lambda=-0.1, gamma=0.08",-0.1,0.08,0.8044003274583347,2.482382727100362,-0.5465707889315273,1.6574974314365718,0.4264004641339878,0.295390688244154,-0.3243136637644114,1.1149060027809672,0.8931881521253237,0.3409451467763754
sim__lam_m0p1__gam_0p08__rep_025__20260531_150203_472309,25,hexagonal_2000_1.dat,"lambda=-0.1, gamma=0.08",-0.1,0.08,-0.7022314747016818,0.40423896476041893,2.4776633847498717,-0.9010953041512686,-0.23565120486307534,0.4031231355288945,1.060587701902253,-1.1477870402198946,0.104262698950351,0.8250695409724482
sim__lam_m0p1__gam_0p08__rep_026__20260531_150222_649215,26,hexagonal_2000_1.dat,"lambda=-0.1, gamma=0.08",-0.1,0.08,0.5469612662409026,2.15645713036569,-1.9175943519604113,0.005801035003073134,-0.07015920471413006,1.4775784437461856,-1.1426663016815288,0.7114084264615448,-0.5171172969764132,0.5658096582494117
sim__lam_m0p1__gam_0p08__rep_027__20260531_150239_023388,27,hexagonal_2000_1.dat,"lambda=-0.1, gamma=0.08",-0.1,0.08,0.033708517787460875,2.44414149810412,1.3132764263526966,1.3714269758544195,-2.4624104190521017,0.41903193479405115,-0.06586124148562383,0.05423681371009259,-0.25539806362427653,-0.06942171278932423
sim__lam_m0p1__gam_0p08__rep_028__20260531_150254_720777,28,hexagonal_2000_1.dat,"lambda=-0.1, gamma=0.08",-0.1,0.08,0.6626929416086083,2.394546048758882,-1.159657705202017,-1.6373434388891859,-0.4776417453835938,1.061309002887643,-2.3505407284470348,0.4259177840719862,-0.9060338885696992,0.12413255096853923
sim__lam_m0p1__gam_0p08__rep_029__20260531_150312_314455,29,hexagonal_2000_1.dat,"lambda=-0.1, gamma=0.08",-0.1,0.08,0.8846916716334283,2.34642751270011,-0.27130714241742676,-0.17326582683283998,-0.6076847099268481,-0.22083494876048404,0.15479031101038732,-0.1800830651698673,1.0788813834912465,-0.24271430593570437
sim__lam_0__gam_0p05__rep_000__20260531_150327_974608,0,hexagonal_2000_1.dat,"lambda=0, gamma=0.05",0.0,0.05,1.238168930154695,-1.1031354660633554,-2.1654466719542667,0.3049067201907001,-2.6223209073257157,-0.616876344918507,0.5550838796558001,-0.23222668387823223,-0.4173668425318043,-0.8901399430495741
sim__lam_0__gam_0p05__rep_001__20260531_150347_013880,1,hexagonal_2000_1.dat,"lambda=0, gamma=0.05",0.0,0.05,4.878264232010049,1.1325147808432117,-1.156961408181492,-0.39161601976920946,-1.0458801627864045,-2.0047586388864977,1.4898985450133502,1.0165341872182072,1.8634098800921164,0.058631798648631675
sim__lam_0__gam_0p05__rep_002__20260531_150403_435838,2,hexagonal_2000_1.dat,"lambda=0, gamma=0.05",0.0,0.05,2.612703046807372,0.3921663325554421,-0.29849938054123065,-2.24369207559401,-0.057530396961010234,0.9095898313767833,-0.14019178996597534,-0.7574543550548206,0.09042704869560939,-0.39511462936148645
sim__lam_0__gam_0p05__rep_003__20260531_150421_569216,3,hexagonal_2000_1.dat,"lambda=0, gamma=0.05",0.0,0.05,2.669157930894208,0.43594104365843284,1.4469519837239484,0.7482673472155693,0.867997147234459,-1.5176095037907331,1.2000627180234011,0.8057552237009372,-0.4833223626446447,0.2772535082014908
sim__lam_0__gam_0p05__rep_004__20260531_150439_052992,4,hexagonal_2000_1.dat,"lambda=0, gamma=0.05",0.0,0.05,2.5775179760283273,-0.33316636704214314,-0.45854274511546284,-0.10040929357735563,-0.01695771744057306,-1.2652532405366064,0.527016918134126,0.4395783616546466,-0.07985706155237522,0.361165983598154
sim__lam_0__gam_0p05__rep_005__20260531_150455_603966,5,hexagonal_2000_1.dat,"lambda=0, gamma=0.05",0.0,0.05,4.256528464844897,1.5009784617764377,-0.21412650021920013,-1.886836051782492,1.628484922893576,-0.7051059887794431,0.0657565558751271,0.7579731722877646,-1.0595476367307355,0.27970659502154627
sim__lam_0__gam_0p05__rep_006__20260531_150512_516388,6,hexagonal_2000_1.dat,"lambda=0, gamma=0.05",0.0,0.05,2.4096210767591955,2.204780146763331,-0.8131535333745813,1.3849228762903458,0.540635296988116,-0.6472317243386091,0.024174597996748384,-0.40770015293393636,-0.2757297003894459,-0.651079267656356
sim__lam_0__gam_0p05__rep_007__20260531_150531_212307,7,hexagonal_2000_1.dat,"lambda=0, gamma=0.05",0.0,0.05,2.0661419243897603,-0.9583376647439885,1.6430386873279554,-1.0362673550415822,-0.34149769083410897,1.2927429637611836,0.16892110393130438,-0.3851739734205355,0.20475881857577072,0.39923266730010265
sim__lam_0__gam_0p05__rep_008__20260531_150547_639695,8,hexagonal_2000_1.dat,"lambda=0, gamma=0.05",0.0,0.05,2.074674774711954,-0.30414213006865043,0.5553299831695724,0.6063404433215324,0.9338312208815129,0.13575071684332402,1.6565150264317494,0.2529716124619416,0.46158465450466185,-0.05162318532556549
sim__lam_0__gam_0p05__rep_009__20260531_150605_779532,9,hexagonal_2000_1.dat,"lambda=0, gamma=0.05",0.0,0.05,4.616173014028095,2.526680362130469,1.684966114006942,-1.2320446047800313,0.4172893422791043,-0.8975665578522161,-0.8597421566570649,0.8815927860199371,-0.4930903016604856,0.29220611772469124
sim__lam_0__gam_0p05__rep_010__20260531_150622_063881,10,hexagonal_2000_1.dat,"lambda=0, gamma=0.05",0.0,0.05,2.07819237909413,-0.4694684943663535,1.4990778134475902,-1.3176771731961536,-1.8039335764193558,0.38263855403533575,0.7765540379875205,-0.1441063038205696,-0.1165156802967601,-0.250377424229885
sim__lam_0__gam_0p05__rep_011__20260531_150639_977995,11,hexagonal_2000_1.dat,"lambda=0, gamma=0.05",0.0,0.05,4.369665343656292,0.6598043652689624,-0.7296452691243106,-1.7266012169543306,2.199128250200897,-1.0923316974599566,0.12972113029359203,0.7517259967642442,0.8150800067416575,-0.05282462943065411
sim__lam_0__gam_0p05__rep_012__20260531_150656_323675,12,hexagonal_2000_1.dat,"lambda=0, gamma=0.05",0.0,0.05,2.2415865060306452,0.8223073474326819,-1.2086608592209849,-0.8044749871544826,-0.16991158772057105,-0.1730670282842507,1.255391288635651,-0.16216131405350095,-0.5006968064206294,-0.5851033220575944
sim__lam_0__gam_0p05__rep_013__20260531_150712_997684,13,hexagonal_2000_1.dat,"lambda=0, gamma=0.05",0.0,0.05,3.3406951407632266,0.21498406201718614,-0.7930810225679036,-0.6057405692249151,-0.5491875650929468,-1.9727645094859945,0.56502680484235,0.593487548227037,-0.7402356295923949,-0.4402099474640412
sim__lam_0__gam_0p05__rep_014__20260531_150730_777555,14,hexagonal_2000_1.dat,"lambda=0, gamma=0.05",0.0,0.05,3.230318320122704,1.6179185710202448,-1.0687463182797259,0.5736718774458179,-0.6719329380622272,0.3047527953386305,-1.0167655967732934,-0.2211363748071424,-0.16112518918907862,-0.7711039124324498
sim__lam_0__gam_0p05__rep_015__20260531_150748_716829,15,hexagonal_2000_1.dat,"lambda=0, gamma=0.05",0.0,0.05,4.5993437831068515,3.9478311667740584,-2.2583498880332606,1.4757429183588144,2.6770772607744386,0.38333582465919236,-1.0668591317428089,-0.67409296967233,0.2169490826833687,0.13314579216706346
sim__lam_0__gam_0p05__rep_016__20260531_150805_522378,16,hexagonal_2000_1.dat,"lambda=0, gamma=0.05",0.0,0.05,2.2415865060306452,0.8223073474326819,-1.2086608592209849,-0.8044749871544826,-0.16991158772057105,-0.1730670282842507,1.255391288635651,-0.16216131405350095,-0.5006968064206294,-0.5851033220575944
sim__lam_0__gam_0p05__rep_017__20260531_150825_666859,17,hexagonal_2000_1.dat,"lambda=0, gamma=0.05",0.0,0.05,2.5775179760283273,-0.33316636704214314,-0.45854274511546284,-0.10040929357735563,-0.01695771744057306,-1.2652532405366064,0.527016918134126,0.4395783616546466,-0.07985706155237522,0.361165983598154
sim__lam_0__gam_0p05__rep_018__20260531_150843_637511,18,hexagonal_2000_1.dat,"lambda=0, gamma=0.05",0.0,0.05,2.5775179760283273,-0.33316636704214314,-0.45854274511546284,-0.10040929357735563,-0.01695771744057306,-1.2652532405366064,0.527016918134126,0.4395783616546466,-0.07985706155237522,0.361165983598154
sim__lam_0__gam_0p05__rep_019__20260531_150900_754229,19,hexagonal_2000_1.dat,"lambda=0, gamma=0.05",0.0,0.05,4.773847435021265,2.7305625269678164,-1.2956791789740354,-2.543775533304762,0.8240916718622205,1.0998716134048658,0.4095218540089643,0.10810739091397743,0.3549572122561852,-0.6677216168377277
sim__lam_0__gam_0p05__rep_020__20260531_150921_024793,20,hexagonal_2000_1.dat,"lambda=0, gamma=0.05",0.0,0.05,1.8582441208050005,0.827849819816848,-1.4347959227282334,0.9438133381763789,0.17458809849722196,-0.6681326652056263,-0.9755033391750523,-0.7310021556277012,-0.10336620612817456,-0.3011492792742516
sim__lam_0__gam_0p05__rep_021__20260531_150938_856419,21,hexagonal_2000_1.dat,"lambda=0, gamma=0.05",0.0,0.05,2.4455791183741367,0.2612607749887507,1.3714031145936352,-1.2579487393032958,0.021312239129729255,-0.9021594315201208,-1.2646207736873232,-1.0738505195775254,0.08821361737777143,0.3322786706605453
sim__lam_0__gam_0p05__rep_022__20260531_150956_664789,22,hexagonal_2000_1.dat,"lambda=0, gamma=0.05",0.0,0.05,3.4545151329965953,2.2707027151478116,2.311362783077498,-0.8901982037698483,1.9561333647667083,-1.0257556972923845,0.4102955009558932,-0.25022198710648336,-0.76129434012084,-0.5509418046266926
sim__lam_0__gam_0p05__rep_023__20260531_151015_299709,23,hexagonal_2000_1.dat,"lambda=0, gamma=0.05",0.0,0.05,4.616173014028095,2.526680362130469,1.684966114006942,-1.2320446047800313,0.4172893422791043,-0.8975665578522161,-0.8597421566570649,0.8815927860199371,-0.4930903016604856,0.29220611772469124
sim__lam_0__gam_0p05__rep_024__20260531_151033_297914,24,hexagonal_2000_1.dat,"lambda=0, gamma=0.05",0.0,0.05,2.9308953728052756,0.011149705231683862,-3.1456212031058866,-0.7787003889372934,-1.8779668894191912,-1.8500255043557656,0.16715320046493523,0.5500360336447587,0.13529953402937112,0.8178221065228913
sim__lam_0__gam_0p05__rep_025__20260531_151051_283259,25,hexagonal_2000_1.dat,"lambda=0, gamma=0.05",0.0,0.05,2.178792501848365,-0.3515198327627774,-0.0863675880600706,0.3247366645407207,-0.8700442370934759,-0.8386378855309486,0.38029283008839726,-0.8956300800589271,0.8908134176553928,0.212199628131324
sim__lam_0__gam_0p05__rep_026__20260531_151107_133707,26,hexagonal_2000_1.dat,"lambda=0, gamma=0.05",0.0,0.05,2.861515192060664,0.16865005595566385,1.8897491127619273,0.21768262105376962,-0.2150667032344112,-0.9128301685945297,-0.42362969839372083,0.019084314110966068,0.609704389119085,-0.20693853722272157
sim__lam_0__gam_0p05__rep_027__20260531_151125_571579,27,hexagonal_2000_1.dat,"lambda=0, gamma=0.05",0.0,0.05,1.608973279868925,-0.37194399928102184,-0.3449977952045679,-1.0409696278383191,-1.09294961153887,0.6391259217534495,0.4041788785783015,-0.7796456603058625,-0.07793235993812204,-0.13345938758287645
sim__lam_0__gam_0p05__rep_028__20260531_151142_331885,28,hexagonal_2000_1.dat,"lambda=0, gamma=0.05",0.0,0.05,3.500963642895141,-0.7679432704743071,0.9783402862561672,0.370233827898814,-0.957464714383362,0.07795994091155732,-0.13896347892509148,0.4161978548150044,0.9861636345745322,-0.12597049789539458
sim__lam_0__gam_0p05__rep_029__20260531_151159_421063,29,hexagonal_2000_1.dat,"lambda=0, gamma=0.05",0.0,0.05,3.0118938033195803,1.476441086686169,0.2615090882922004,0.8177749563942782,1.2034332071933418,-2.2883658504839586,0.5282025226249678,-0.761465415082521,-0.6613892083899852,-0.20664632819967577
sim__lam_0__gam_0p08__rep_000__20260531_151217_622798,0,hexagonal_2000_1.dat,"lambda=0, gamma=0.08",0.0,0.08,-6.375020639772025,1.1176083174595464,-0.9599477978030551,-1.1217780461575964,-1.1360972619629748,-1.2659476768642282,-0.37943105467333765,-0.485959698779847,-0.07125107920914804,0.06013326148751346
sim__lam_0__gam_0p08__rep_001__20260531_151228_841532,1,hexagonal_2000_1.dat,"lambda=0, gamma=0.08",0.0,0.08,-8.527072699844096,-0.9422682257882504,0.9233545013457417,-0.06554464685924076,0.597803005724949,0.5571860662316503,0.3299656195747193,0.2737629531618909,0.11027224254374518,-0.184153800602677
sim__lam_0__gam_0p08__rep_002__20260531_151240_449831,2,hexagonal_2000_1.dat,"lambda=0, gamma=0.08",0.0,0.08,-7.750205995259668,0.23978787029771662,0.38493014041605966,0.5445003283614307,0.30626104169044505,-0.1847111417156546,-0.4995566318717204,-0.22022556052184628,0.015772590404902434,-0.043610898435755975
sim__lam_0__gam_0p08__rep_003__20260531_151252_181321,3,hexagonal_2000_1.dat,"lambda=0, gamma=0.08",0.0,0.08,-6.055340415139128,1.7916284607895605,0.556565364081982,-0.9773709514754247,-1.5620299382425848,-1.1512677821008515,0.0502334211567275,-0.6757540329448938,-0.1276493829260556,-0.4216808917151068
sim__lam_0__gam_0p08__rep_004__20260531_151304_290305,4,hexagonal_2000_1.dat,"lambda=0, gamma=0.08",0.0,0.08,-8.728845580607654,-1.4265246894182353,0.9680457763383705,-0.2813303621533817,0.33961075246876365,-0.8638600882576316,-0.6668253655335964,-0.4214177375941923,0.6983001323217102,-0.20921943372833082
sim__lam_0__gam_0p08__rep_005__20260531_151315_832128,5,hexagonal_2000_1.dat,"lambda=0, gamma=0.08",0.0,0.08,-8.08113816137075,-0.9044569191633381,1.1641925592367164,0.7502430660764661,0.009938206936492212,-1.0148248811401288,0.3077642191488857,0.265731896328049,0.15801459043712393,-0.32514506749231376
sim__lam_0__gam_0p08__rep_006__20260531_151327_734806,6,hexagonal_2000_1.dat,"lambda=0, gamma=0.08",0.0,0.08,-6.587881679604388,-0.33040602723425955,0.9534970152843963,0.3111863145244905,0.3109790194936199,-1.0268147841628397,-0.2798377783109246,0.23003771697555753,-0.023486030995408573,0.5846339545450189
sim__lam_0__gam_0p08__rep_007__20260531_151339_927903,7,hexagonal_2000_1.dat,"lambda=0, gamma=0.08",0.0,0.08,-9.322221667017063,-2.942123296898795,-0.818492511190132,0.9487971351021871,0.34647273896598735,2.9254122526455713,0.4503254819030005,0.8164993441950624,0.1851400529427798,-0.0921844734306343
sim__lam_0__gam_0p08__rep_008__20260531_151353_845845,8,hexagonal_2000_1.dat,"lambda=0, gamma=0.08",0.0,0.08,-6.892729391885162,0.7455857451705356,0.40506565173974646,-0.7876893885859735,-0.15346769367171062,-0.5554403235904469,0.12291326226012995,-0.08667033223821695,-0.24987029484386677,-0.059919845482848205
sim__lam_0__gam_0p08__rep_009__20260531_151407_323285,9,hexagonal_2000_1.dat,"lambda=0, gamma=0.08",0.0,0.08,-8.24330033739361,-0.4537167183166994,-1.1311932024520828,1.4003446096274665,0.40724323594287704,-0.7860272804436229,0.33223191550198117,-0.12880743627859115,-0.2780913395725956,0.20413458056629824
sim__lam_0__gam_0p08__rep_010__20260531_151418_925213,10,hexagonal_2000_1.dat,"lambda=0, gamma=0.08",0.0,0.08,-8.724173832701144,-2.8151396788558203,-1.3203894458369032,-0.9823343740824934,1.0343003451740496,0.2649012241328236,-1.108993842240387,0.015550937771360964,0.3307728804213744,0.25438396631994
sim__lam_0__gam_0p08__rep_011__20260531_151431_673545,11,hexagonal_2000_1.dat,"lambda=0, gamma=0.08",0.0,0.08,-9.270868972489994,-3.869968133346377,-0.3424203342465219,0.7998962201888783,0.6242210389865045,-0.4740585069075073,-0.3166776516529007,-0.43520584563492165,0.5173688944313125,0.855810575449039
sim__lam_0__gam_0p08__rep_012__20260531_151444_761881,12,hexagonal_2000_1.dat,"lambda=0, gamma=0.08",0.0,0.08,-8.079120898956255,-1.2198778824287464,-0.5345094175440858,0.15403977432999283,-0.06164608666342982,-1.2632761369956926,0.3542372038180068,-0.25499767583786553,0.06709132000683833,0.28116145004726223
sim__lam_0__gam_0p08__rep_013__20260531_151456_168776,13,hexagonal_2000_1.dat,"lambda=0, gamma=0.08",0.0,0.08,-8.620352124832081,-0.7575132422090962,0.21796779829504,0.15729032795674402,0.9079086453350895,0.39522180476519664,-0.6321284760577477,0.03188297897781841,0.5888476236942867,-0.39825432420755313
sim__lam_0__gam_0p08__rep_014__20260531_151507_836828,14,hexagonal_2000_1.dat,"lambda=0, gamma=0.08",0.0,0.08,-8.463522931065677,-1.4609322406392233,0.49757751304834746,0.548624697047713,0.5632804473002356,0.9404985296075398,0.5454420966712005,0.6349581735038966,-0.37145808782619477,0.21786299177941162
sim__lam_0__gam_0p08__rep_015__20260531_151520_191782,15,hexagonal_2000_1.dat,"lambda=0, gamma=0.08",0.0,0.08,-7.839956666823045,0.7043256293424017,-0.47032458875206123,-0.7241833822103712,-1.4645559218360877,0.04077484189554569,0.6315353192824726,0.6193166400373062,-0.38976373507455925,-1.099600122955282
sim__lam_0__gam_0p08__rep_016__20260531_151533_343928,16,hexagonal_2000_1.dat,"lambda=0, gamma=0.08",0.0,0.08,-10.105521958280034,-2.70229570646075,-0.22289174581768964,-0.9521520782377046,1.4636261122650853,0.5718513669528944,-1.3519380058704897,0.16054942592162938,0.24802472771923378,-1.3214442903401422
sim__lam_0__gam_0p08__rep_017__20260531_151544_776165,17,hexagonal_2000_1.dat,"lambda=0, gamma=0.08",0.0,0.08,-8.527072699844096,-0.9422682257882505,0.9233545013457417,-0.06554464685924075,0.597803005724949,0.5571860662316502,0.32996561957471937,0.27376295316189103,0.11027224254374512,-0.18415380060267703
sim__lam_0__gam_0p08__rep_018__20260531_151556_334086,18,hexagonal_2000_1.dat,"lambda=0, gamma=0.08",0.0,0.08,-8.648589811751043,-1.1540551433031783,-0.13993539844857153,-0.5015389170542798,0.8735558260978449,0.6221795703725145,0.0420374342072727,-0.39391148824326677,-0.25328136848427774,0.44038672672095047
sim__lam_0__gam_0p08__rep_019__20260531_151608_526710,19,hexagonal_2000_1.dat,"lambda=0, gamma=0.08",0.0,0.08,-6.981039818242552,1.1733431123655234,-0.4994827122890041,-1.3882198444580551,0.41363386552964626,-0.13357911751898832,0.28444759609130554,-0.7681140139495309,0.06927620618846979,-0.29837273302613543
sim__lam_0__gam_0p08__rep_020__20260531_151620_259124,20,hexagonal_2000_1.dat,"lambda=0, gamma=0.08",0.0,0.08,-6.625016802299404,1.373056930657239,1.3199652827561892,-0.5740165260975636,-0.05886492319399026,0.49760146100744235,1.167811679994182,0.18933177476859384,-0.34119859702748784,-0.21519298470276746
sim__lam_0__gam_0p08__rep_021__20260531_151632_293469,21,hexagonal_2000_1.dat,"lambda=0, gamma=0.08",0.0,0.08,-8.414553696346761,-1.5511522389927146,0.49308482468487447,-0.20625189509680464,1.81909484150329,0.030678789763282466,0.11076517249389438,-0.30561231662890337,-0.3874940977372655,0.7466875602708797
sim__lam_0__gam_0p08__rep_022__20260531_151645_041367,22,hexagonal_2000_1.dat,"lambda=0, gamma=0.08",0.0,0.08,-8.386934563941328,-0.10382694894639881,-0.47716866605484903,0.38947110613465286,-0.7145323946250652,0.7584352605438657,0.07430697774245316,-0.14578168660501545,0.4516541161317228,-0.5100113398266332
sim__lam_0__gam_0p08__rep_023__20260531_151656_729203,23,hexagonal_2000_1.dat,"lambda=0, gamma=0.08",0.0,0.08,-7.978114139498729,-0.0573276451640255,-0.9678034135684563,0.31795554932540154,-0.32334617543744465,0.2551818560234111,0.44425014172858557,0.2107413897533368,-0.22785424172306964,-0.20635991709809512
sim__lam_0__gam_0p08__rep_024__20260531_151708_879373,24,hexagonal_2000_1.dat,"lambda=0, gamma=0.08",0.0,0.08,-7.0878137773685825,2.0897497930883895,0.1790477928588659,0.15365606034083867,-0.3012366602670541,-0.34803845440092945,-0.46295977311043585,0.3713241013387845,0.07408083091242061,-0.34214003643425334
sim__lam_0__gam_0p08__rep_025__20260531_151721_618459,25,hexagonal_2000_1.dat,"lambda=0, gamma=0.08",0.0,0.08,-7.4625014098515505,-0.0808677281132216,0.2104157959549608,-1.3692582764042687,-0.2401262552399733,-0.3591539032275892,-0.48346319226495904,-0.22007956316431004,-0.014743213688405825,-0.19998613245879196
sim__lam_0__gam_0p08__rep_026__20260531_151733_988523,26,hexagonal_2000_1.dat,"lambda=0, gamma=0.08",0.0,0.08,-8.175025365915257,-1.3053978955641337,-0.9522075458601575,0.4639399759292464,-0.6384062963307097,-0.1394081892502997,0.3237640376548825,0.43454521246394334,-0.3583575883005767,0.42904869430701614
sim__lam_0__gam_0p08__rep_027__20260531_151747_372039,27,hexagonal_2000_1.dat,"lambda=0, gamma=0.08",0.0,0.08,-6.892729391885164,0.7455857451705353,0.40506565173974624,-0.7876893885859735,-0.15346769367171054,-0.555440323590447,0.1229132622601298,-0.0866703322382168,-0.24987029484386716,-0.05991984548284822
sim__lam_0__gam_0p08__rep_028__20260531_151800_250315,28,hexagonal_2000_1.dat,"lambda=0, gamma=0.08",0.0,0.08,-8.484139993259586,-0.8413267597248199,-0.5996840512022773,0.5930208525997079,0.29030314153091535,0.027872544214064852,0.3898065132340337,1.1622586786776894,-0.8715529988801761,0.39453645507672097
sim__lam_0__gam_0p08__rep_029__20260531_151811_962071,29,hexagonal_2000_1.dat,"lambda=0, gamma=0.08",0.0,0.08,-7.47970547626257,-0.10583725222472817,0.41865829440321123,-0.5509737677471591,-1.1494469495768884,-1.436289551032885,0.3982668953882767,0.33407461415281575,-0.08239690468038409,0.12052212478439685
